,Unnamed: 0,Links,DateTimeScraped,DateScraped,Price,Featured,Year,Month,WeekNumber,Fortnight
0,0,https://www.rightmove.co.uk/properties/126730700#/?channel=RES_BUY,2022-11-06 16:22:00,2022-11-06,950000,0,2022,11-2022,45,22
1,1,https://www.rightmove.co.uk/properties/124149383#/?channel=RES_BUY,2022-11-06 16:22:00,2022-11-06,990000,0,2022,11-2022,45,22
2,2,https://www.rightmove.co.uk/properties/111885260#/?channel=RES_BUY,2022-11-06 16:22:00,2022-11-06,490000,0,2022,11-2022,45,22
3,3,https://www.rightmove.co.uk/properties/128650202#/?channel=RES_BUY,2022-11-06 16:22:00,2022-11-06,495000,0,2022,11-2022,45,22
4,4,https://www.rightmove.co.uk/properties/128759156#/?channel=RES_BUY,2022-11-06 16:22:00,2022-11-06,899950,0,2022,11-2022,45,22
5,5,https://www.rightmove.co.uk/properties/128578214#/?channel=RES_BUY,2022-11-06 16:22:00,2022-11-06,1248000,0,2022,11-2022,45,22
6,6,https://www.rightmove.co.uk/properties/125347637#/?channel=RES_BUY,2022-11-06 16:22:00,2022-11-06,950000,0,2022,11-2022,45,22
7,7,https://www.rightmove.co.uk/properties/127925702#/?channel=RES_BUY,2022-11-06 16:22:00,2022-11-06,1100000,0,2022,11-2022,45,22
8,8,https://www.rightmove.co.uk/properties/125188223#/?channel=RES_BUY,2022-11-06 16:22:00,2022-11-06,950000,0,2022,11-2022,45,22
9,9,https://www.rightmove.co.uk/properties/127605272#/?channel=RES_BUY,2022-11-06 16:22:00,2022-11-06,525000,0,2022,11-2022,45,22
10,10,https://www.rightmove.co.uk/properties/124441571#/?channel=RES_BUY,2022-11-06 16:22:00,2022-11-06,695000,0,2022,11-2022,45,22
11,11,https://www.rightmove.co.uk/properties/127127912#/?channel=RES_BUY,2022-11-06 16:22:00,2022-11-06,945000,0,2022,11-2022,45,22
12,12,https://www.rightmove.co.uk/properties/126813647#/?channel=RES_BUY,2022-11-06 16:22:00,2022-11-06,1000000,0,2022,11-2022,45,22
13,13,https://www.rightmove.co.uk/properties/128649419#/?channel=RES_BUY,2022-11-06 16:22:00,2022-11-06,1150000,0,2022,11-2022,45,22
14,14,https://www.rightmove.co.uk/properties/123282002#/?channel=RES_BUY,2022-11-06 16:22:00,2022-11-06,800000,0,2022,11-2022,45,22
15,15,https://www.rightmove.co.uk/properties/128717657#/?channel=RES_BUY,2022-11-06 16:22:00,2022-11-06,750000,0,2022,11-2022,45,22
16,16,https://www.rightmove.co.uk/properties/127529444#/?channel=RES_BUY,2022-11-06 16:22:00,2022-11-06,650000,0,2022,11-2022,45,22
17,17,https://www.rightmove.co.uk/properties/119449472#/?channel=RES_BUY,2022-11-06 16:22:00,2022-11-06,675000,0,2022,11-2022,45,22
18,18,https://www.rightmove.co.uk/properties/126701711#/?channel=RES_BUY,2022-11-06 16:22:00,2022-11-06,975000,0,2022,11-2022,45,22
19,19,https://www.rightmove.co.uk/properties/128737190#/?channel=RES_BUY,2022-11-06 16:22:00,2022-11-06,850000,0,2022,11-2022,45,22
20,20,https://www.rightmove.co.uk/properties/126974900#/?channel=RES_BUY,2022-11-06 16:22:00,2022-11-06,575000,0,2022,11-2022,45,22
21,21,https://www.rightmove.co.uk/properties/128631194#/?channel=RES_BUY,2022-11-06 16:22:00,2022-11-06,410000,0,2022,11-2022,45,22
22,22,https://www.rightmove.co.uk/properties/128514386#/?channel=RES_BUY,2022-11-06 16:22:00,2022-11-06,1095000,0,2022,11-2022,45,22
23,23,https://www.rightmove.co.uk/properties/128755316#/?channel=RES_BUY,2022-11-06 16:22:00,2022-11-06,625000,0,2022,11-2022,45,22
24,24,https://www.rightmove.co.uk/properties/128727215#/?channel=RES_BUY,2022-11-06 16:22:00,2022-11-06,995000,0,2022,11-2022,45,22
25,25,https://www.rightmove.co.uk/properties/128637053#/?channel=RES_BUY,2022-11-06 16:22:00,2022-11-06,1050000,0,2022,11-2022,45,22
26,26,https://www.rightmove.co.uk/properties/127903835#/?channel=RES_BUY,2022-11-06 16:22:00,2022-11-06,999950,0,2022,11-2022,45,22
27,27,https://www.rightmove.co.uk/properties/117746252#/?channel=RES_BUY,2022-11-06 16:22:00,2022-11-06,850000,0,2022,11-2022,45,22
28,28,https://www.rightmove.co.uk/properties/128611007#/?channel=RES_BUY,2022-11-06 16:22:00,2022-11-06,900000,0,2022,11-2022,45,22
29,29,https://www.rightmove.co.uk/properties/128657498#/?channel=RES_BUY,2022-11-06 16:22:00,2022-11-06,1540000,0,2022,11-2022,45,22
30,30,https://www.rightmove.co.uk/properties/128784212#/?channel=RES_BUY,2022-11-06 16:22:00,2022-11-06,1500000,0,2022,11-2022,45,22
31,31,https://www.rightmove.co.uk/properties/127072046#/?channel=RES_BUY,2022-11-06 16:22:00,2022-11-06,925000,0,2022,11-2022,45,22
32,32,https://www.rightmove.co.uk/properties/128779781#/?channel=RES_BUY,2022-11-06 16:22:00,2022-11-06,565000,0,2022,11-2022,45,22
33,33,https://www.rightmove.co.uk/properties/128709038#/?channel=RES_BUY,2022-11-06 16:22:00,2022-11-06,1100000,0,2022,11-2022,45,22
34,34,https://www.rightmove.co.uk/properties/128650085#/?channel=RES_BUY,2022-11-06 16:22:00,2022-11-06,725000,0,2022,11-2022,45,22
35,35,https://www.rightmove.co.uk/properties/126869717#/?channel=RES_BUY,2022-11-06 16:22:00,2022-11-06,1500000,0,2022,11-2022,45,22
36,36,https://www.rightmove.co.uk/properties/125998358#/?channel=RES_BUY,2022-11-06 16:22:00,2022-11-06,850000,0,2022,11-2022,45,22
37,37,https://www.rightmove.co.uk/properties/128567774#/?channel=RES_BUY,2022-11-06 16:22:00,2022-11-06,850000,0,2022,11-2022,45,22
38,38,https://www.rightmove.co.uk/properties/128495300#/?channel=RES_BUY,2022-11-06 16:22:00,2022-11-06,450000,0,2022,11-2022,45,22
39,39,https://www.rightmove.co.uk/properties/128602151#/?channel=RES_BUY,2022-11-06 16:22:00,2022-11-06,550000,0,2022,11-2022,45,22
40,40,https://www.rightmove.co.uk/properties/127491659#/?channel=RES_BUY,2022-11-06 16:22:00,2022-11-06,1300000,0,2022,11-2022,45,22
41,41,https://www.rightmove.co.uk/properties/127087031#/?channel=RES_BUY,2022-11-06 16:22:00,2022-11-06,575000,0,2022,11-2022,45,22
42,42,https://www.rightmove.co.uk/properties/128637140#/?channel=RES_BUY,2022-11-06 16:22:00,2022-11-06,875000,0,2022,11-2022,45,22
43,43,https://www.rightmove.co.uk/properties/128573969#/?channel=RES_BUY,2022-11-06 16:22:00,2022-11-06,1050000,0,2022,11-2022,45,22
44,44,https://www.rightmove.co.uk/properties/128660069#/?channel=RES_BUY,2022-11-06 16:22:00,2022-11-06,700000,0,2022,11-2022,45,22
45,45,https://www.rightmove.co.uk/properties/128161331#/?channel=RES_BUY,2022-11-06 16:22:00,2022-11-06,550000,0,2022,11-2022,45,22
46,46,https://www.rightmove.co.uk/properties/128675981#/?channel=RES_BUY,2022-11-06 16:22:00,2022-11-06,360000,0,2022,11-2022,45,22
47,47,https://www.rightmove.co.uk/properties/128784215#/?channel=RES_BUY,2022-11-06 16:22:00,2022-11-06,1350000,0,2022,11-2022,45,22
48,48,https://www.rightmove.co.uk/properties/128636930#/?channel=RES_BUY,2022-11-06 16:22:00,2022-11-06,975000,0,2022,11-2022,45,22
49,49,https://www.rightmove.co.uk/properties/128625551#/?channel=RES_BUY,2022-11-06 16:22:00,2022-11-06,709000,0,2022,11-2022,45,22
50,50,https://www.rightmove.co.uk/properties/128632772#/?channel=RES_BUY,2022-11-06 16:22:00,2022-11-06,800000,0,2022,11-2022,45,22
51,51,https://www.rightmove.co.uk/properties/128754359#/?channel=RES_BUY,2022-11-06 16:22:00,2022-11-06,1280000,0,2022,11-2022,45,22
52,52,https://www.rightmove.co.uk/properties/128665187#/?channel=RES_BUY,2022-11-06 16:22:00,2022-11-06,1165000,0,2022,11-2022,45,22
53,53,https://www.rightmove.co.uk/properties/127471637#/?channel=RES_BUY,2022-11-06 16:22:00,2022-11-06,999950,0,2022,11-2022,45,22
54,54,https://www.rightmove.co.uk/properties/128253689#/?channel=RES_BUY,2022-11-06 16:22:00,2022-11-06,599999,0,2022,11-2022,45,22
55,55,https://www.rightmove.co.uk/properties/127128431#/?channel=RES_BUY,2022-11-06 16:22:00,2022-11-06,895000,0,2022,11-2022,45,22
56,56,https://www.rightmove.co.uk/properties/128577236#/?channel=RES_BUY,2022-11-06 16:22:00,2022-11-06,925000,0,2022,11-2022,45,22
57,57,https://www.rightmove.co.uk/properties/127861970#/?channel=RES_BUY,2022-11-06 16:22:00,2022-11-06,1750000,0,2022,11-2022,45,22
58,58,https://www.rightmove.co.uk/properties/128760023#/?channel=RES_BUY,2022-11-06 16:22:00,2022-11-06,695000,0,2022,11-2022,45,22
59,59,https://www.rightmove.co.uk/properties/118425230#/?channel=RES_BUY,2022-11-06 16:22:00,2022-11-06,600000,0,2022,11-2022,45,22
60,60,https://www.rightmove.co.uk/properties/128116316#/?channel=RES_BUY,2022-11-06 16:22:00,2022-11-06,950000,0,2022,11-2022,45,22
61,61,https://www.rightmove.co.uk/properties/127674818#/?channel=RES_BUY,2022-11-06 16:22:00,2022-11-06,1695000,0,2022,11-2022,45,22
62,62,https://www.rightmove.co.uk/properties/128471222#/?channel=RES_BUY,2022-11-06 16:22:00,2022-11-06,625000,0,2022,11-2022,45,22
63,63,https://www.rightmove.co.uk/properties/128392529#/?channel=RES_BUY,2022-11-06 16:22:00,2022-11-06,600000,0,2022,11-2022,45,22
64,64,https://www.rightmove.co.uk/properties/126906980#/?channel=RES_BUY,2022-11-06 16:22:00,2022-11-06,799950,0,2022,11-2022,45,22
65,65,https://www.rightmove.co.uk/properties/128634977#/?channel=RES_BUY,2022-11-06 16:22:00,2022-11-06,950000,0,2022,11-2022,45,22
66,66,https://www.rightmove.co.uk/properties/128290691#/?channel=RES_BUY,2022-11-06 16:22:00,2022-11-06,650000,0,2022,11-2022,45,22
67,67,https://www.rightmove.co.uk/properties/128677412#/?channel=RES_BUY,2022-11-06 16:22:00,2022-11-06,360000,0,2022,11-2022,45,22
68,68,https://www.rightmove.co.uk/properties/128673512#/?channel=RES_BUY,2022-11-06 16:22:00,2022-11-06,975000,0,2022,11-2022,45,22
69,69,https://www.rightmove.co.uk/properties/128644337#/?channel=RES_BUY,2022-11-06 16:22:00,2022-11-06,1070000,0,2022,11-2022,45,22
70,70,https://www.rightmove.co.uk/properties/128706479#/?channel=RES_BUY,2022-11-06 16:22:00,2022-11-06,1249000,0,2022,11-2022,45,22
71,71,https://www.rightmove.co.uk/properties/128696828#/?channel=RES_BUY,2022-11-06 16:22:00,2022-11-06,780000,0,2022,11-2022,45,22
72,72,https://www.rightmove.co.uk/properties/128654687#/?channel=RES_BUY,2022-11-06 16:22:00,2022-11-06,549000,0,2022,11-2022,45,22
73,73,https://www.rightmove.co.uk/properties/128623772#/?channel=RES_BUY,2022-11-06 16:22:00,2022-11-06,1000000,0,2022,11-2022,45,22
74,74,https://www.rightmove.co.uk/properties/126577715#/?channel=RES_BUY,2022-11-06 16:22:00,2022-11-06,400000,0,2022,11-2022,45,22
75,75,https://www.rightmove.co.uk/properties/128683592#/?channel=RES_BUY,2022-11-06 16:22:00,2022-11-06,1100000,0,2022,11-2022,45,22
76,76,https://www.rightmove.co.uk/properties/128463824#/?channel=RES_BUY,2022-11-06 16:22:00,2022-11-06,599999,0,2022,11-2022,45,22
77,77,https://www.rightmove.co.uk/properties/127320998#/?channel=RES_BUY,2022-11-06 16:22:00,2022-11-06,950000,0,2022,11-2022,45,22
78,78,https://www.rightmove.co.uk/properties/121559984#/?channel=RES_BUY,2022-11-06 16:22:00,2022-11-06,575000,0,2022,11-2022,45,22
79,79,https://www.rightmove.co.uk/properties/127983980#/?channel=RES_BUY,2022-11-06 16:22:00,2022-11-06,1750000,0,2022,11-2022,45,22
80,80,https://www.rightmove.co.uk/properties/127376132#/?channel=RES_BUY,2022-11-06 16:22:00,2022-11-06,620000,0,2022,11-2022,45,22
81,81,https://www.rightmove.co.uk/properties/85623162#/?channel=RES_BUY,2022-11-06 16:22:00,2022-11-06,495000,0,2022,11-2022,45,22
82,82,https://www.rightmove.co.uk/properties/128703287#/?channel=RES_BUY,2022-11-06 16:22:00,2022-11-06,800000,0,2022,11-2022,45,22
83,83,https://www.rightmove.co.uk/properties/128718065#/?channel=RES_BUY,2022-11-06 16:22:00,2022-11-06,925000,0,2022,11-2022,45,22
84,84,https://www.rightmove.co.uk/properties/128704721#/?channel=RES_BUY,2022-11-06 16:22:00,2022-11-06,1245000,0,2022,11-2022,45,22
85,85,https://www.rightmove.co.uk/properties/127026017#/?channel=RES_BUY,2022-11-06 16:22:00,2022-11-06,1695000,0,2022,11-2022,45,22
86,86,https://www.rightmove.co.uk/properties/128364269#/?channel=RES_BUY,2022-11-06 16:22:00,2022-11-06,850000,0,2022,11-2022,45,22
87,87,https://www.rightmove.co.uk/properties/85928817#/?channel=RES_BUY,2022-11-06 16:22:00,2022-11-06,850000,0,2022,11-2022,45,22
88,88,https://www.rightmove.co.uk/properties/128764049#/?channel=RES_BUY,2022-11-06 16:22:00,2022-11-06,799999,0,2022,11-2022,45,22
89,89,https://www.rightmove.co.uk/properties/128617013#/?channel=RES_BUY,2022-11-06 16:22:00,2022-11-06,475000,0,2022,11-2022,45,22
90,90,https://www.rightmove.co.uk/properties/107238116#/?channel=RES_BUY,2022-11-06 16:22:00,2022-11-06,650000,0,2022,11-2022,45,22
91,91,https://www.rightmove.co.uk/properties/128667950#/?channel=RES_BUY,2022-11-06 16:22:00,2022-11-06,700000,0,2022,11-2022,45,22
92,92,https://www.rightmove.co.uk/properties/85949208#/?channel=RES_BUY,2022-11-06 16:22:00,2022-11-06,900000,0,2022,11-2022,45,22
93,93,https://www.rightmove.co.uk/properties/127854206#/?channel=RES_BUY,2022-11-06 16:22:00,2022-11-06,599950,0,2022,11-2022,45,22
94,94,https://www.rightmove.co.uk/properties/128674982#/?channel=RES_BUY,2022-11-06 16:22:00,2022-11-06,900000,0,2022,11-2022,45,22
95,95,https://www.rightmove.co.uk/properties/128673587#/?channel=RES_BUY,2022-11-06 16:22:00,2022-11-06,1050000,0,2022,11-2022,45,22
96,96,https://www.rightmove.co.uk/properties/128580440#/?channel=RES_BUY,2022-11-06 16:22:00,2022-11-06,900000,0,2022,11-2022,45,22
97,97,https://www.rightmove.co.uk/properties/126135725#/?channel=RES_BUY,2022-11-06 16:22:00,2022-11-06,950000,0,2022,11-2022,45,22
98,98,https://www.rightmove.co.uk/properties/126725723#/?channel=RES_BUY,2022-11-06 16:22:00,2022-11-06,475000,0,2022,11-2022,45,22
99,99,https://www.rightmove.co.uk/properties/85943136#/?channel=RES_BUY,2022-11-06 16:22:00,2022-11-06,700000,0,2022,11-2022,45,22
100,100,https://www.rightmove.co.uk/properties/128583650#/?channel=RES_BUY,2022-11-06 16:22:00,2022-11-06,1250000,0,2022,11-2022,45,22
101,101,https://www.rightmove.co.uk/properties/127958678#/?channel=RES_BUY,2022-11-06 16:22:00,2022-11-06,550000,0,2022,11-2022,45,22
102,102,https://www.rightmove.co.uk/properties/128624051#/?channel=RES_BUY,2022-11-06 16:22:00,2022-11-06,650000,0,2022,11-2022,45,22
103,103,https://www.rightmove.co.uk/properties/128722250#/?channel=RES_BUY,2022-11-06 16:22:00,2022-11-06,900000,0,2022,11-2022,45,22
104,104,https://www.rightmove.co.uk/properties/96643354#/?channel=RES_BUY,2022-11-06 16:22:00,2022-11-06,665000,0,2022,11-2022,45,22
105,105,https://www.rightmove.co.uk/properties/124981340#/?channel=RES_BUY,2022-11-06 16:22:00,2022-11-06,950000,0,2022,11-2022,45,22
106,106,https://www.rightmove.co.uk/properties/125143148#/?channel=RES_BUY,2022-11-06 16:22:00,2022-11-06,625000,0,2022,11-2022,45,22
107,107,https://www.rightmove.co.uk/properties/122444741#/?channel=RES_BUY,2022-11-06 16:22:00,2022-11-06,725000,0,2022,11-2022,45,22
108,108,https://www.rightmove.co.uk/properties/122619953#/?channel=RES_BUY,2022-11-06 16:22:00,2022-11-06,575000,0,2022,11-2022,45,22
109,109,https://www.rightmove.co.uk/properties/128759561#/?channel=RES_BUY,2022-11-06 16:22:00,2022-11-06,975000,0,2022,11-2022,45,22
110,110,https://www.rightmove.co.uk/properties/128767550#/?channel=RES_BUY,2022-11-06 16:22:00,2022-11-06,900000,0,2022,11-2022,45,22
111,111,https://www.rightmove.co.uk/properties/128395313#/?channel=RES_BUY,2022-11-06 16:22:00,2022-11-06,1000000,0,2022,11-2022,45,22
112,112,https://www.rightmove.co.uk/properties/125913470#/?channel=RES_BUY,2022-11-06 16:22:00,2022-11-06,515000,0,2022,11-2022,45,22
113,113,https://www.rightmove.co.uk/properties/128662175#/?channel=RES_BUY,2022-11-06 16:22:00,2022-11-06,1250000,0,2022,11-2022,45,22
114,114,https://www.rightmove.co.uk/properties/127080413#/?channel=RES_BUY,2022-11-06 16:22:00,2022-11-06,650000,0,2022,11-2022,45,22
115,115,https://www.rightmove.co.uk/properties/128600942#/?channel=RES_BUY,2022-11-06 16:22:00,2022-11-06,1600000,0,2022,11-2022,45,22
116,116,https://www.rightmove.co.uk/properties/127496750#/?channel=RES_BUY,2022-11-06 16:22:00,2022-11-06,475000,0,2022,11-2022,45,22
117,117,https://www.rightmove.co.uk/properties/128634974#/?channel=RES_BUY,2022-11-06 16:22:00,2022-11-06,725000,0,2022,11-2022,45,22
118,118,https://www.rightmove.co.uk/properties/128658596#/?channel=RES_BUY,2022-11-06 16:22:00,2022-11-06,900000,0,2022,11-2022,45,22
119,119,https://www.rightmove.co.uk/properties/126270983#/?channel=RES_BUY,2022-11-06 16:22:00,2022-11-06,750000,0,2022,11-2022,45,22
120,120,https://www.rightmove.co.uk/properties/128951672#/?channel=RES_BUY,2022-11-13 20:26:00,2022-11-13,1249500,0,2022,11-2022,46,23
121,121,https://www.rightmove.co.uk/properties/128899511#/?channel=RES_BUY,2022-11-13 20:26:00,2022-11-13,1450000,0,2022,11-2022,46,23
122,122,https://www.rightmove.co.uk/properties/128141159#/?channel=RES_BUY,2022-11-13 20:26:00,2022-11-13,925000,0,2022,11-2022,46,23
123,123,https://www.rightmove.co.uk/properties/128945093#/?channel=RES_BUY,2022-11-13 20:26:00,2022-11-13,1475000,0,2022,11-2022,46,23
124,124,https://www.rightmove.co.uk/properties/128824616#/?channel=RES_BUY,2022-11-13 20:26:00,2022-11-13,1500000,0,2022,11-2022,46,23
125,125,https://www.rightmove.co.uk/properties/129012050#/?channel=RES_BUY,2022-11-13 20:26:00,2022-11-13,1000000,0,2022,11-2022,46,23
126,126,https://www.rightmove.co.uk/properties/128917148#/?channel=RES_BUY,2022-11-13 20:26:00,2022-11-13,475000,0,2022,11-2022,46,23
127,127,https://www.rightmove.co.uk/properties/128815439#/?channel=RES_BUY,2022-11-13 20:26:00,2022-11-13,1160000,0,2022,11-2022,46,23
128,128,https://www.rightmove.co.uk/properties/127248920#/?channel=RES_BUY,2022-11-13 20:26:00,2022-11-13,850000,0,2022,11-2022,46,23
129,129,https://www.rightmove.co.uk/properties/126547709#/?channel=RES_BUY,2022-11-13 20:26:00,2022-11-13,799950,0,2022,11-2022,46,23
130,130,https://www.rightmove.co.uk/properties/128927597#/?channel=RES_BUY,2022-11-13 20:26:00,2022-11-13,650000,0,2022,11-2022,46,23
131,131,https://www.rightmove.co.uk/properties/127754618#/?channel=RES_BUY,2022-11-13 20:26:00,2022-11-13,525000,0,2022,11-2022,46,23
132,132,https://www.rightmove.co.uk/properties/128037164#/?channel=RES_BUY,2022-11-13 20:26:00,2022-11-13,1200000,0,2022,11-2022,46,23
133,133,https://www.rightmove.co.uk/properties/123426785#/?channel=RES_BUY,2022-11-13 20:26:00,2022-11-13,1525000,0,2022,11-2022,46,23
134,134,https://www.rightmove.co.uk/properties/128947184#/?channel=RES_BUY,2022-11-13 20:26:00,2022-11-13,850000,0,2022,11-2022,46,23
135,135,https://www.rightmove.co.uk/properties/128970788#/?channel=RES_BUY,2022-11-13 20:26:00,2022-11-13,550000,0,2022,11-2022,46,23
136,136,https://www.rightmove.co.uk/properties/128959169#/?channel=RES_BUY,2022-11-13 20:26:00,2022-11-13,825000,0,2022,11-2022,46,23
137,137,https://www.rightmove.co.uk/properties/128966762#/?channel=RES_BUY,2022-11-13 20:26:00,2022-11-13,800000,0,2022,11-2022,46,23
138,138,https://www.rightmove.co.uk/properties/85753578#/?channel=RES_BUY,2022-11-13 20:26:00,2022-11-13,550000,0,2022,11-2022,46,23
139,139,https://www.rightmove.co.uk/properties/128890523#/?channel=RES_BUY,2022-11-13 20:26:00,2022-11-13,2275000,0,2022,11-2022,46,23
140,140,https://www.rightmove.co.uk/properties/128909561#/?channel=RES_BUY,2022-11-13 20:26:00,2022-11-13,1695000,0,2022,11-2022,46,23
141,141,https://www.rightmove.co.uk/properties/128514386#/?channel=RES_BUY,2022-11-13 20:26:00,2022-11-13,995000,0,2022,11-2022,46,23
142,142,https://www.rightmove.co.uk/properties/128818424#/?channel=RES_BUY,2022-11-13 20:26:00,2022-11-13,225000,0,2022,11-2022,46,23
143,143,https://www.rightmove.co.uk/properties/128888120#/?channel=RES_BUY,2022-11-13 20:26:00,2022-11-13,1250000,0,2022,11-2022,46,23
144,144,https://www.rightmove.co.uk/properties/128946398#/?channel=RES_BUY,2022-11-13 20:26:00,2022-11-13,2500000,0,2022,11-2022,46,23
145,145,https://www.rightmove.co.uk/properties/128983553#/?channel=RES_BUY,2022-11-13 20:26:00,2022-11-13,1200000,0,2022,11-2022,46,23
146,146,https://www.rightmove.co.uk/properties/128831963#/?channel=RES_BUY,2022-11-13 20:26:00,2022-11-13,1250000,0,2022,11-2022,46,23
147,147,https://www.rightmove.co.uk/properties/128894894#/?channel=RES_BUY,2022-11-13 20:26:00,2022-11-13,650000,0,2022,11-2022,46,23
148,148,https://www.rightmove.co.uk/properties/128890529#/?channel=RES_BUY,2022-11-13 20:26:00,2022-11-13,3200000,0,2022,11-2022,46,23
149,149,https://www.rightmove.co.uk/properties/128834336#/?channel=RES_BUY,2022-11-13 20:26:00,2022-11-13,1195000,0,2022,11-2022,46,23
150,150,https://www.rightmove.co.uk/properties/128885594#/?channel=RES_BUY,2022-11-13 20:26:00,2022-11-13,1075000,0,2022,11-2022,46,23
151,151,https://www.rightmove.co.uk/properties/129007352#/?channel=RES_BUY,2022-11-13 20:26:00,2022-11-13,648000,0,2022,11-2022,46,23
152,152,https://www.rightmove.co.uk/properties/128998178#/?channel=RES_BUY,2022-11-13 20:26:00,2022-11-13,450000,0,2022,11-2022,46,23
153,153,https://www.rightmove.co.uk/properties/128872691#/?channel=RES_BUY,2022-11-13 20:26:00,2022-11-13,475000,0,2022,11-2022,46,23
154,154,https://www.rightmove.co.uk/properties/127615166#/?channel=RES_BUY,2022-11-13 20:26:00,2022-11-13,695000,0,2022,11-2022,46,23
155,155,https://www.rightmove.co.uk/properties/126854156#/?channel=RES_BUY,2022-11-13 20:26:00,2022-11-13,1000000,0,2022,11-2022,46,23
156,156,https://www.rightmove.co.uk/properties/129011162#/?channel=RES_BUY,2022-11-13 20:26:00,2022-11-13,750000,0,2022,11-2022,46,23
157,157,https://www.rightmove.co.uk/properties/128278568#/?channel=RES_BUY,2022-11-13 20:26:00,2022-11-13,975000,0,2022,11-2022,46,23
158,158,https://www.rightmove.co.uk/properties/128988614#/?channel=RES_BUY,2022-11-13 20:26:00,2022-11-13,1500000,0,2022,11-2022,46,23
159,159,https://www.rightmove.co.uk/properties/123196955#/?channel=RES_BUY,2022-11-13 20:26:00,2022-11-13,1065000,0,2022,11-2022,46,23
160,160,https://www.rightmove.co.uk/properties/128972414#/?channel=RES_BUY,2022-11-13 20:26:00,2022-11-13,925000,0,2022,11-2022,46,23
161,161,https://www.rightmove.co.uk/properties/127801736#/?channel=RES_BUY,2022-11-13 20:26:00,2022-11-13,1425000,0,2022,11-2022,46,23
162,162,https://www.rightmove.co.uk/properties/128921012#/?channel=RES_BUY,2022-11-13 20:26:00,2022-11-13,699999,0,2022,11-2022,46,23
163,163,https://www.rightmove.co.uk/properties/128922782#/?channel=RES_BUY,2022-11-13 20:26:00,2022-11-13,925000,0,2022,11-2022,46,23
164,164,https://www.rightmove.co.uk/properties/128986010#/?channel=RES_BUY,2022-11-13 20:26:00,2022-11-13,900000,0,2022,11-2022,46,23
165,165,https://www.rightmove.co.uk/properties/128258651#/?channel=RES_BUY,2022-11-13 20:26:00,2022-11-13,750000,0,2022,11-2022,46,23
166,166,https://www.rightmove.co.uk/properties/128224787#/?channel=RES_BUY,2022-11-13 20:26:00,2022-11-13,895000,0,2022,11-2022,46,23
167,167,https://www.rightmove.co.uk/properties/128909255#/?channel=RES_BUY,2022-11-13 20:26:00,2022-11-13,650000,0,2022,11-2022,46,23
168,168,https://www.rightmove.co.uk/properties/128899631#/?channel=RES_BUY,2022-11-13 20:26:00,2022-11-13,1200000,0,2022,11-2022,46,23
169,169,https://www.rightmove.co.uk/properties/128997878#/?channel=RES_BUY,2022-11-13 20:26:00,2022-11-13,995000,0,2022,11-2022,46,23
170,170,https://www.rightmove.co.uk/properties/128844752#/?channel=RES_BUY,2022-11-13 20:26:00,2022-11-13,1195000,0,2022,11-2022,46,23
171,171,https://www.rightmove.co.uk/properties/127339733#/?channel=RES_BUY,2022-11-13 20:26:00,2022-11-13,795000,0,2022,11-2022,46,23
172,172,https://www.rightmove.co.uk/properties/128928137#/?channel=RES_BUY,2022-11-13 20:26:00,2022-11-13,800000,0,2022,11-2022,46,23
173,173,https://www.rightmove.co.uk/properties/128908472#/?channel=RES_BUY,2022-11-13 20:26:00,2022-11-13,650000,0,2022,11-2022,46,23
174,174,https://www.rightmove.co.uk/properties/128852429#/?channel=RES_BUY,2022-11-13 20:26:00,2022-11-13,700000,0,2022,11-2022,46,23
175,175,https://www.rightmove.co.uk/properties/128880341#/?channel=RES_BUY,2022-11-13 20:26:00,2022-11-13,925000,0,2022,11-2022,46,23
176,176,https://www.rightmove.co.uk/properties/128987417#/?channel=RES_BUY,2022-11-13 20:26:00,2022-11-13,1350000,0,2022,11-2022,46,23
177,177,https://www.rightmove.co.uk/properties/125769230#/?channel=RES_BUY,2022-11-13 20:26:00,2022-11-13,695000,0,2022,11-2022,46,23
178,178,https://www.rightmove.co.uk/properties/123762215#/?channel=RES_BUY,2022-11-13 20:26:00,2022-11-13,750000,0,2022,11-2022,46,23
179,179,https://www.rightmove.co.uk/properties/128153903#/?channel=RES_BUY,2022-11-13 20:26:00,2022-11-13,600000,0,2022,11-2022,46,23
180,180,https://www.rightmove.co.uk/properties/128953571#/?channel=RES_BUY,2022-11-13 20:26:00,2022-11-13,2700000,0,2022,11-2022,46,23
181,181,https://www.rightmove.co.uk/properties/85537521#/?channel=RES_BUY,2022-11-13 20:26:00,2022-11-13,580000,0,2022,11-2022,46,23
182,182,https://www.rightmove.co.uk/properties/128998754#/?channel=RES_BUY,2022-11-13 20:26:00,2022-11-13,1050000,0,2022,11-2022,46,23
183,183,https://www.rightmove.co.uk/properties/128914454#/?channel=RES_BUY,2022-11-13 20:26:00,2022-11-13,1250000,0,2022,11-2022,46,23
184,184,https://www.rightmove.co.uk/properties/127438877#/?channel=RES_BUY,2022-11-13 20:26:00,2022-11-13,875000,0,2022,11-2022,46,23
185,185,https://www.rightmove.co.uk/properties/128844011#/?channel=RES_BUY,2022-11-13 20:26:00,2022-11-13,895000,0,2022,11-2022,46,23
186,186,https://www.rightmove.co.uk/properties/128955053#/?channel=RES_BUY,2022-11-13 20:26:00,2022-11-13,895000,0,2022,11-2022,46,23
187,187,https://www.rightmove.co.uk/properties/123715010#/?channel=RES_BUY,2022-11-13 20:26:00,2022-11-13,900000,0,2022,11-2022,46,23
188,188,https://www.rightmove.co.uk/properties/128887997#/?channel=RES_BUY,2022-11-13 20:26:00,2022-11-13,1075000,0,2022,11-2022,46,23
189,189,https://www.rightmove.co.uk/properties/126712391#/?channel=RES_BUY,2022-11-13 20:26:00,2022-11-13,750000,0,2022,11-2022,46,23
190,190,https://www.rightmove.co.uk/properties/128993837#/?channel=RES_BUY,2022-11-13 20:26:00,2022-11-13,695000,0,2022,11-2022,46,23
191,191,https://www.rightmove.co.uk/properties/126986075#/?channel=RES_BUY,2022-11-13 20:26:00,2022-11-13,475000,0,2022,11-2022,46,23
192,192,https://www.rightmove.co.uk/properties/128657498#/?channel=RES_BUY,2022-11-13 20:26:00,2022-11-13,1500000,0,2022,11-2022,46,23
193,193,https://www.rightmove.co.uk/properties/128925662#/?channel=RES_BUY,2022-11-13 20:26:00,2022-11-13,400000,0,2022,11-2022,46,23
194,194,https://www.rightmove.co.uk/properties/127697306#/?channel=RES_BUY,2022-11-13 20:26:00,2022-11-13,975000,0,2022,11-2022,46,23
195,195,https://www.rightmove.co.uk/properties/128961044#/?channel=RES_BUY,2022-11-13 20:26:00,2022-11-13,700000,0,2022,11-2022,46,23
196,196,https://www.rightmove.co.uk/properties/128990207#/?channel=RES_BUY,2022-11-13 20:26:00,2022-11-13,450000,0,2022,11-2022,46,23
197,197,https://www.rightmove.co.uk/properties/85883484#/?channel=RES_BUY,2022-11-13 20:26:00,2022-11-13,645000,0,2022,11-2022,46,23
198,198,https://www.rightmove.co.uk/properties/128806460#/?channel=RES_BUY,2022-11-13 20:26:00,2022-11-13,875000,0,2022,11-2022,46,23
199,199,https://www.rightmove.co.uk/properties/128842523#/?channel=RES_BUY,2022-11-13 20:26:00,2022-11-13,1600000,0,2022,11-2022,46,23
200,200,https://www.rightmove.co.uk/properties/128966975#/?channel=RES_BUY,2022-11-13 20:26:00,2022-11-13,900000,0,2022,11-2022,46,23
201,201,https://www.rightmove.co.uk/properties/128856938#/?channel=RES_BUY,2022-11-13 20:26:00,2022-11-13,1295000,0,2022,11-2022,46,23
202,202,https://www.rightmove.co.uk/properties/124795442#/?channel=RES_BUY,2022-11-13 20:26:00,2022-11-13,500000,0,2022,11-2022,46,23
203,203,https://www.rightmove.co.uk/properties/128383916#/?channel=RES_BUY,2022-11-13 20:26:00,2022-11-13,675000,0,2022,11-2022,46,23
204,204,https://www.rightmove.co.uk/properties/128708255#/?channel=RES_BUY,2022-11-13 20:26:00,2022-11-13,475000,0,2022,11-2022,46,23
205,205,https://www.rightmove.co.uk/properties/128943002#/?channel=RES_BUY,2022-11-13 20:26:00,2022-11-13,825000,0,2022,11-2022,46,23
206,206,https://www.rightmove.co.uk/properties/128840831#/?channel=RES_BUY,2022-11-13 20:26:00,2022-11-13,849500,0,2022,11-2022,46,23
207,207,https://www.rightmove.co.uk/properties/128887586#/?channel=RES_BUY,2022-11-13 20:26:00,2022-11-13,825000,0,2022,11-2022,46,23
208,208,https://www.rightmove.co.uk/properties/128013731#/?channel=RES_BUY,2022-11-13 20:26:00,2022-11-13,950000,0,2022,11-2022,46,23
209,209,https://www.rightmove.co.uk/properties/128972285#/?channel=RES_BUY,2022-11-13 20:26:00,2022-11-13,1090000,0,2022,11-2022,46,23
210,210,https://www.rightmove.co.uk/properties/128966792#/?channel=RES_BUY,2022-11-13 20:26:00,2022-11-13,900000,0,2022,11-2022,46,23
211,211,https://www.rightmove.co.uk/properties/129009449#/?channel=RES_BUY,2022-11-13 20:26:00,2022-11-13,1250000,0,2022,11-2022,46,23
212,212,https://www.rightmove.co.uk/properties/125443916#/?channel=RES_BUY,2022-11-13 20:26:00,2022-11-13,935000,0,2022,11-2022,46,23
213,213,https://www.rightmove.co.uk/properties/128898233#/?channel=RES_BUY,2022-11-13 20:26:00,2022-11-13,700000,0,2022,11-2022,46,23
214,214,https://www.rightmove.co.uk/properties/128173553#/?channel=RES_BUY,2022-11-13 20:26:00,2022-11-13,850000,0,2022,11-2022,46,23
215,215,https://www.rightmove.co.uk/properties/125274638#/?channel=RES_BUY,2022-11-13 20:26:00,2022-11-13,950000,0,2022,11-2022,46,23
216,216,https://www.rightmove.co.uk/properties/127971764#/?channel=RES_BUY,2022-11-13 20:26:00,2022-11-13,375000,0,2022,11-2022,46,23
217,217,https://www.rightmove.co.uk/properties/128965208#/?channel=RES_BUY,2022-11-13 20:26:00,2022-11-13,475000,0,2022,11-2022,46,23
218,218,https://www.rightmove.co.uk/properties/128896976#/?channel=RES_BUY,2022-11-13 20:26:00,2022-11-13,900000,0,2022,11-2022,46,23
219,219,https://www.rightmove.co.uk/properties/121270760#/?channel=RES_BUY,2022-11-13 20:26:00,2022-11-13,530000,0,2022,11-2022,46,23
220,220,https://www.rightmove.co.uk/properties/127861976#/?channel=RES_BUY,2022-11-13 20:26:00,2022-11-13,900000,0,2022,11-2022,46,23
221,221,https://www.rightmove.co.uk/properties/128842841#/?channel=RES_BUY,2022-11-13 20:26:00,2022-11-13,900000,0,2022,11-2022,46,23
222,222,https://www.rightmove.co.uk/properties/128108633#/?channel=RES_BUY,2022-11-13 20:26:00,2022-11-13,425000,0,2022,11-2022,46,23
223,223,https://www.rightmove.co.uk/properties/128951021#/?channel=RES_BUY,2022-11-13 20:26:00,2022-11-13,825000,0,2022,11-2022,46,23
224,224,https://www.rightmove.co.uk/properties/128981324#/?channel=RES_BUY,2022-11-13 20:26:00,2022-11-13,1695000,0,2022,11-2022,46,23
225,225,https://www.rightmove.co.uk/properties/128812997#/?channel=RES_BUY,2022-11-13 20:26:00,2022-11-13,625000,0,2022,11-2022,46,23
226,226,https://www.rightmove.co.uk/properties/125853872#/?channel=RES_BUY,2022-11-13 20:26:00,2022-11-13,600000,0,2022,11-2022,46,23
227,227,https://www.rightmove.co.uk/properties/127604024#/?channel=RES_BUY,2022-11-13 20:26:00,2022-11-13,850000,0,2022,11-2022,46,23
228,228,https://www.rightmove.co.uk/properties/128978402#/?channel=RES_BUY,2022-11-13 20:26:00,2022-11-13,1695000,0,2022,11-2022,46,23
229,229,https://www.rightmove.co.uk/properties/125951708#/?channel=RES_BUY,2022-11-13 20:26:00,2022-11-13,700000,0,2022,11-2022,46,23
230,230,https://www.rightmove.co.uk/properties/128867753#/?channel=RES_BUY,2022-11-13 20:26:00,2022-11-13,565000,0,2022,11-2022,46,23
231,231,https://www.rightmove.co.uk/properties/127168784#/?channel=RES_BUY,2022-11-13 20:26:00,2022-11-13,1295000,0,2022,11-2022,46,23
232,232,https://www.rightmove.co.uk/properties/127350803#/?channel=RES_BUY,2022-11-13 20:26:00,2022-11-13,795000,0,2022,11-2022,46,23
233,233,https://www.rightmove.co.uk/properties/129004589#/?channel=RES_BUY,2022-11-13 20:26:00,2022-11-13,720000,0,2022,11-2022,46,23
234,234,https://www.rightmove.co.uk/properties/128966987#/?channel=RES_BUY,2022-11-13 20:26:00,2022-11-13,825000,0,2022,11-2022,46,23
235,235,https://www.rightmove.co.uk/properties/128947121#/?channel=RES_BUY,2022-11-13 20:26:00,2022-11-13,800000,0,2022,11-2022,46,23
236,236,https://www.rightmove.co.uk/properties/128969777#/?channel=RES_BUY,2022-11-13 20:26:00,2022-11-13,1100000,0,2022,11-2022,46,23
237,237,https://www.rightmove.co.uk/properties/128937386#/?channel=RES_BUY,2022-11-13 20:26:00,2022-11-13,695000,0,2022,11-2022,46,23
238,238,https://www.rightmove.co.uk/properties/128871389#/?channel=RES_BUY,2022-11-13 20:26:00,2022-11-13,475000,0,2022,11-2022,46,23
239,239,https://www.rightmove.co.uk/properties/127447556#/?channel=RES_BUY,2022-11-13 20:26:00,2022-11-13,1000000,0,2022,11-2022,46,23
240,240,https://www.rightmove.co.uk/properties/125856029#/?channel=RES_BUY,2022-11-20 21:16:00,2022-11-20,775000,0,2022,11-2022,47,23
241,241,https://www.rightmove.co.uk/properties/129158177#/?channel=RES_BUY,2022-11-20 21:16:00,2022-11-20,1100000,0,2022,11-2022,47,23
242,242,https://www.rightmove.co.uk/properties/129183563#/?channel=RES_BUY,2022-11-20 21:16:00,2022-11-20,500000,0,2022,11-2022,47,23
243,243,https://www.rightmove.co.uk/properties/123911816#/?channel=RES_BUY,2022-11-20 21:16:00,2022-11-20,1000000,0,2022,11-2022,47,23
244,244,https://www.rightmove.co.uk/properties/129233810#/?channel=RES_BUY,2022-11-20 21:16:00,2022-11-20,950000,0,2022,11-2022,47,23
245,245,https://www.rightmove.co.uk/properties/127741865#/?channel=RES_BUY,2022-11-20 21:16:00,2022-11-20,1199999,0,2022,11-2022,47,23
246,246,https://www.rightmove.co.uk/properties/129171800#/?channel=RES_BUY,2022-11-20 21:16:00,2022-11-20,600000,0,2022,11-2022,47,23
247,247,https://www.rightmove.co.uk/properties/129230237#/?channel=RES_BUY,2022-11-20 21:16:00,2022-11-20,395000,0,2022,11-2022,47,23
248,248,https://www.rightmove.co.uk/properties/129111041#/?channel=RES_BUY,2022-11-20 21:16:00,2022-11-20,1175000,0,2022,11-2022,47,23
249,249,https://www.rightmove.co.uk/properties/85390809#/?channel=RES_BUY,2022-11-20 21:16:00,2022-11-20,900000,0,2022,11-2022,47,23
250,250,https://www.rightmove.co.uk/properties/121321949#/?channel=RES_BUY,2022-11-20 21:16:00,2022-11-20,1400000,0,2022,11-2022,47,23
251,251,https://www.rightmove.co.uk/properties/129097907#/?channel=RES_BUY,2022-11-20 21:16:00,2022-11-20,650000,0,2022,11-2022,47,23
252,252,https://www.rightmove.co.uk/properties/129176606#/?channel=RES_BUY,2022-11-20 21:16:00,2022-11-20,595000,0,2022,11-2022,47,23
253,253,https://www.rightmove.co.uk/properties/126130556#/?channel=RES_BUY,2022-11-20 21:16:00,2022-11-20,410000,0,2022,11-2022,47,23
254,254,https://www.rightmove.co.uk/properties/126388019#/?channel=RES_BUY,2022-11-20 21:16:00,2022-11-20,800000,0,2022,11-2022,47,23
255,255,https://www.rightmove.co.uk/properties/129269069#/?channel=RES_BUY,2022-11-20 21:16:00,2022-11-20,650000,0,2022,11-2022,47,23
256,256,https://www.rightmove.co.uk/properties/123203441#/?channel=RES_BUY,2022-11-20 21:16:00,2022-11-20,870000,0,2022,11-2022,47,23
257,257,https://www.rightmove.co.uk/properties/129147404#/?channel=RES_BUY,2022-11-20 21:16:00,2022-11-20,1550000,0,2022,11-2022,47,23
258,258,https://www.rightmove.co.uk/properties/121783904#/?channel=RES_BUY,2022-11-20 21:16:00,2022-11-20,980000,0,2022,11-2022,47,23
259,259,https://www.rightmove.co.uk/properties/129094634#/?channel=RES_BUY,2022-11-20 21:16:00,2022-11-20,1750000,0,2022,11-2022,47,23
260,260,https://www.rightmove.co.uk/properties/129209189#/?channel=RES_BUY,2022-11-20 21:16:00,2022-11-20,885000,0,2022,11-2022,47,23
261,261,https://www.rightmove.co.uk/properties/120970139#/?channel=RES_BUY,2022-11-20 21:16:00,2022-11-20,409950,0,2022,11-2022,47,23
262,262,https://www.rightmove.co.uk/properties/128562899#/?channel=RES_BUY,2022-11-20 21:16:00,2022-11-20,750000,0,2022,11-2022,47,23
263,263,https://www.rightmove.co.uk/properties/129103169#/?channel=RES_BUY,2022-11-20 21:16:00,2022-11-20,795000,0,2022,11-2022,47,23
264,264,https://www.rightmove.co.uk/properties/129093017#/?channel=RES_BUY,2022-11-20 21:16:00,2022-11-20,975000,0,2022,11-2022,47,23
265,265,https://www.rightmove.co.uk/properties/126387956#/?channel=RES_BUY,2022-11-20 21:16:00,2022-11-20,770000,0,2022,11-2022,47,23
266,266,https://www.rightmove.co.uk/properties/127216859#/?channel=RES_BUY,2022-11-20 21:16:00,2022-11-20,725000,0,2022,11-2022,47,23
267,267,https://www.rightmove.co.uk/properties/129218312#/?channel=RES_BUY,2022-11-20 21:16:00,2022-11-20,499950,0,2022,11-2022,47,23
268,268,https://www.rightmove.co.uk/properties/128048336#/?channel=RES_BUY,2022-11-20 21:16:00,2022-11-20,890000,0,2022,11-2022,47,23
269,269,https://www.rightmove.co.uk/properties/129103967#/?channel=RES_BUY,2022-11-20 21:16:00,2022-11-20,1485000,0,2022,11-2022,47,23
270,270,https://www.rightmove.co.uk/properties/127031873#/?channel=RES_BUY,2022-11-20 21:16:00,2022-11-20,485000,0,2022,11-2022,47,23
271,271,https://www.rightmove.co.uk/properties/129104192#/?channel=RES_BUY,2022-11-20 21:16:00,2022-11-20,1250000,0,2022,11-2022,47,23
272,272,https://www.rightmove.co.uk/properties/127497785#/?channel=RES_BUY,2022-11-20 21:16:00,2022-11-20,1000000,0,2022,11-2022,47,23
273,273,https://www.rightmove.co.uk/properties/129074780#/?channel=RES_BUY,2022-11-20 21:16:00,2022-11-20,1600000,0,2022,11-2022,47,23
274,274,https://www.rightmove.co.uk/properties/85490760#/?channel=RES_BUY,2022-11-20 21:16:00,2022-11-20,999950,0,2022,11-2022,47,23
275,275,https://www.rightmove.co.uk/properties/129242609#/?channel=RES_BUY,2022-11-20 21:16:00,2022-11-20,1200000,0,2022,11-2022,47,23
276,276,https://www.rightmove.co.uk/properties/128385464#/?channel=RES_BUY,2022-11-20 21:16:00,2022-11-20,525000,0,2022,11-2022,47,23
277,277,https://www.rightmove.co.uk/properties/129125096#/?channel=RES_BUY,2022-11-20 21:16:00,2022-11-20,500000,0,2022,11-2022,47,23
278,278,https://www.rightmove.co.uk/properties/128852429#/?channel=RES_BUY,2022-11-20 21:16:00,2022-11-20,675000,0,2022,11-2022,47,23
279,279,https://www.rightmove.co.uk/properties/128286041#/?channel=RES_BUY,2022-11-20 21:16:00,2022-11-20,725000,0,2022,11-2022,47,23
280,280,https://www.rightmove.co.uk/properties/129222896#/?channel=RES_BUY,2022-11-20 21:16:00,2022-11-20,412500,0,2022,11-2022,47,23
281,281,https://www.rightmove.co.uk/properties/127002968#/?channel=RES_BUY,2022-11-20 21:16:00,2022-11-20,850000,0,2022,11-2022,47,23
282,282,https://www.rightmove.co.uk/properties/127945352#/?channel=RES_BUY,2022-11-20 21:16:00,2022-11-20,1075000,0,2022,11-2022,47,23
283,283,https://www.rightmove.co.uk/properties/129240728#/?channel=RES_BUY,2022-11-20 21:16:00,2022-11-20,775000,0,2022,11-2022,47,23
284,284,https://www.rightmove.co.uk/properties/128000897#/?channel=RES_BUY,2022-11-20 21:16:00,2022-11-20,875000,0,2022,11-2022,47,23
285,285,https://www.rightmove.co.uk/properties/129197321#/?channel=RES_BUY,2022-11-20 21:16:00,2022-11-20,795000,0,2022,11-2022,47,23
286,286,https://www.rightmove.co.uk/properties/129197282#/?channel=RES_BUY,2022-11-20 21:16:00,2022-11-20,850000,0,2022,11-2022,47,23
287,287,https://www.rightmove.co.uk/properties/129103616#/?channel=RES_BUY,2022-11-20 21:16:00,2022-11-20,1525000,0,2022,11-2022,47,23
288,288,https://www.rightmove.co.uk/properties/129214016#/?channel=RES_BUY,2022-11-20 21:16:00,2022-11-20,750000,0,2022,11-2022,47,23
289,289,https://www.rightmove.co.uk/properties/129235934#/?channel=RES_BUY,2022-11-20 21:16:00,2022-11-20,1800000,0,2022,11-2022,47,23
290,290,https://www.rightmove.co.uk/properties/129161126#/?channel=RES_BUY,2022-11-20 21:16:00,2022-11-20,650000,0,2022,11-2022,47,23
291,291,https://www.rightmove.co.uk/properties/124858100#/?channel=RES_BUY,2022-11-20 21:16:00,2022-11-20,1250000,0,2022,11-2022,47,23
292,292,https://www.rightmove.co.uk/properties/129178043#/?channel=RES_BUY,2022-11-20 21:16:00,2022-11-20,905000,0,2022,11-2022,47,23
293,293,https://www.rightmove.co.uk/properties/129182399#/?channel=RES_BUY,2022-11-20 21:16:00,2022-11-20,1100000,0,2022,11-2022,47,23
294,294,https://www.rightmove.co.uk/properties/127504697#/?channel=RES_BUY,2022-11-20 21:16:00,2022-11-20,775000,0,2022,11-2022,47,23
295,295,https://www.rightmove.co.uk/properties/125883392#/?channel=RES_BUY,2022-11-20 21:16:00,2022-11-20,500000,0,2022,11-2022,47,23
296,296,https://www.rightmove.co.uk/properties/127511729#/?channel=RES_BUY,2022-11-20 21:16:00,2022-11-20,725000,0,2022,11-2022,47,23
297,297,https://www.rightmove.co.uk/properties/129158069#/?channel=RES_BUY,2022-11-20 21:16:00,2022-11-20,875000,0,2022,11-2022,47,23
298,298,https://www.rightmove.co.uk/properties/123932396#/?channel=RES_BUY,2022-11-20 21:16:00,2022-11-20,895000,0,2022,11-2022,47,23
299,299,https://www.rightmove.co.uk/properties/129207227#/?channel=RES_BUY,2022-11-20 21:16:00,2022-11-20,725000,0,2022,11-2022,47,23
300,300,https://www.rightmove.co.uk/properties/127970984#/?channel=RES_BUY,2022-11-20 21:16:00,2022-11-20,625000,0,2022,11-2022,47,23
301,301,https://www.rightmove.co.uk/properties/129066521#/?channel=RES_BUY,2022-11-20 21:16:00,2022-11-20,825000,0,2022,11-2022,47,23
302,302,https://www.rightmove.co.uk/properties/127562225#/?channel=RES_BUY,2022-11-20 21:16:00,2022-11-20,999950,0,2022,11-2022,47,23
303,303,https://www.rightmove.co.uk/properties/124816805#/?channel=RES_BUY,2022-11-20 21:16:00,2022-11-20,450000,0,2022,11-2022,47,23
304,304,https://www.rightmove.co.uk/properties/129114929#/?channel=RES_BUY,2022-11-20 21:16:00,2022-11-20,988000,0,2022,11-2022,47,23
305,305,https://www.rightmove.co.uk/properties/128183717#/?channel=RES_BUY,2022-11-20 21:16:00,2022-11-20,975000,0,2022,11-2022,47,23
306,306,https://www.rightmove.co.uk/properties/128958497#/?channel=RES_BUY,2022-11-20 21:16:00,2022-11-20,999950,0,2022,11-2022,47,23
307,307,https://www.rightmove.co.uk/properties/129161138#/?channel=RES_BUY,2022-11-20 21:16:00,2022-11-20,800000,0,2022,11-2022,47,23
308,308,https://www.rightmove.co.uk/properties/129132128#/?channel=RES_BUY,2022-11-20 21:16:00,2022-11-20,500000,0,2022,11-2022,47,23
309,309,https://www.rightmove.co.uk/properties/127080413#/?channel=RES_BUY,2022-11-20 21:16:00,2022-11-20,635000,0,2022,11-2022,47,23
310,310,https://www.rightmove.co.uk/properties/126730583#/?channel=RES_BUY,2022-11-20 21:16:00,2022-11-20,515000,0,2022,11-2022,47,23
311,311,https://www.rightmove.co.uk/properties/129170684#/?channel=RES_BUY,2022-11-20 21:16:00,2022-11-20,599950,0,2022,11-2022,47,23
312,312,https://www.rightmove.co.uk/properties/84073809#/?channel=RES_BUY,2022-11-20 21:16:00,2022-11-20,900000,0,2022,11-2022,47,23
313,313,https://www.rightmove.co.uk/properties/129231089#/?channel=RES_BUY,2022-11-20 21:16:00,2022-11-20,550000,0,2022,11-2022,47,23
314,314,https://www.rightmove.co.uk/properties/129167720#/?channel=RES_BUY,2022-11-20 21:16:00,2022-11-20,599000,0,2022,11-2022,47,23
315,315,https://www.rightmove.co.uk/properties/129164762#/?channel=RES_BUY,2022-11-20 21:16:00,2022-11-20,825000,0,2022,11-2022,47,23
316,316,https://www.rightmove.co.uk/properties/125777387#/?channel=RES_BUY,2022-11-20 21:16:00,2022-11-20,850000,0,2022,11-2022,47,23
317,317,https://www.rightmove.co.uk/properties/127551311#/?channel=RES_BUY,2022-11-20 21:16:00,2022-11-20,510000,0,2022,11-2022,47,23
318,318,https://www.rightmove.co.uk/properties/129158072#/?channel=RES_BUY,2022-11-20 21:16:00,2022-11-20,825000,0,2022,11-2022,47,23
319,319,https://www.rightmove.co.uk/properties/129222794#/?channel=RES_BUY,2022-11-20 21:16:00,2022-11-20,750000,0,2022,11-2022,47,23
320,320,https://www.rightmove.co.uk/properties/127627823#/?channel=RES_BUY,2022-11-20 21:16:00,2022-11-20,2000000,0,2022,11-2022,47,23
321,321,https://www.rightmove.co.uk/properties/129219950#/?channel=RES_BUY,2022-11-20 21:16:00,2022-11-20,469500,0,2022,11-2022,47,23
322,322,https://www.rightmove.co.uk/properties/126201353#/?channel=RES_BUY,2022-11-20 21:16:00,2022-11-20,560000,0,2022,11-2022,47,23
323,323,https://www.rightmove.co.uk/properties/123818540#/?channel=RES_BUY,2022-11-20 21:16:00,2022-11-20,730000,0,2022,11-2022,47,23
324,324,https://www.rightmove.co.uk/properties/129197324#/?channel=RES_BUY,2022-11-20 21:16:00,2022-11-20,795000,0,2022,11-2022,47,23
325,325,https://www.rightmove.co.uk/properties/129048983#/?channel=RES_BUY,2022-11-20 21:16:00,2022-11-20,1150000,0,2022,11-2022,47,23
326,326,https://www.rightmove.co.uk/properties/127496870#/?channel=RES_BUY,2022-11-20 21:16:00,2022-11-20,409950,0,2022,11-2022,47,23
327,327,https://www.rightmove.co.uk/properties/129065786#/?channel=RES_BUY,2022-11-20 21:16:00,2022-11-20,709000,0,2022,11-2022,47,23
328,328,https://www.rightmove.co.uk/properties/128485949#/?channel=RES_BUY,2022-11-20 21:16:00,2022-11-20,350000,0,2022,11-2022,47,23
329,329,https://www.rightmove.co.uk/properties/129228974#/?channel=RES_BUY,2022-11-20 21:16:00,2022-11-20,650000,0,2022,11-2022,47,23
330,330,https://www.rightmove.co.uk/properties/90829252#/?channel=RES_BUY,2022-11-20 21:16:00,2022-11-20,750000,0,2022,11-2022,47,23
331,331,https://www.rightmove.co.uk/properties/129106160#/?channel=RES_BUY,2022-11-20 21:16:00,2022-11-20,1750000,0,2022,11-2022,47,23
332,332,https://www.rightmove.co.uk/properties/126469169#/?channel=RES_BUY,2022-11-20 21:16:00,2022-11-20,500000,0,2022,11-2022,47,23
333,333,https://www.rightmove.co.uk/properties/128503553#/?channel=RES_BUY,2022-11-20 21:16:00,2022-11-20,1699995,0,2022,11-2022,47,23
334,334,https://www.rightmove.co.uk/properties/129183572#/?channel=RES_BUY,2022-11-20 21:16:00,2022-11-20,650000,0,2022,11-2022,47,23
335,335,https://www.rightmove.co.uk/properties/129050993#/?channel=RES_BUY,2022-11-20 21:16:00,2022-11-20,725000,0,2022,11-2022,47,23
336,336,https://www.rightmove.co.uk/properties/127276982#/?channel=RES_BUY,2022-11-20 21:16:00,2022-11-20,825000,0,2022,11-2022,47,23
337,337,https://www.rightmove.co.uk/properties/121704368#/?channel=RES_BUY,2022-11-20 21:16:00,2022-11-20,1250000,0,2022,11-2022,47,23
338,338,https://www.rightmove.co.uk/properties/129060779#/?channel=RES_BUY,2022-11-20 21:16:00,2022-11-20,750000,0,2022,11-2022,47,23
339,339,https://www.rightmove.co.uk/properties/129232001#/?channel=RES_BUY,2022-11-20 21:16:00,2022-11-20,925000,0,2022,11-2022,47,23
340,340,https://www.rightmove.co.uk/properties/129168320#/?channel=RES_BUY,2022-11-20 21:16:00,2022-11-20,905000,0,2022,11-2022,47,23
341,341,https://www.rightmove.co.uk/properties/121248704#/?channel=RES_BUY,2022-11-20 21:16:00,2022-11-20,1200000,0,2022,11-2022,47,23
342,342,https://www.rightmove.co.uk/properties/129236495#/?channel=RES_BUY,2022-11-20 21:16:00,2022-11-20,695000,0,2022,11-2022,47,23
343,343,https://www.rightmove.co.uk/properties/129149762#/?channel=RES_BUY,2022-11-20 21:16:00,2022-11-20,740000,0,2022,11-2022,47,23
344,344,https://www.rightmove.co.uk/properties/128161847#/?channel=RES_BUY,2022-11-20 21:16:00,2022-11-20,490000,0,2022,11-2022,47,23
345,345,https://www.rightmove.co.uk/properties/127989110#/?channel=RES_BUY,2022-11-20 21:16:00,2022-11-20,1200000,0,2022,11-2022,47,23
346,346,https://www.rightmove.co.uk/properties/129127661#/?channel=RES_BUY,2022-11-20 21:16:00,2022-11-20,1000000,0,2022,11-2022,47,23
347,347,https://www.rightmove.co.uk/properties/129086975#/?channel=RES_BUY,2022-11-20 21:16:00,2022-11-20,1295000,0,2022,11-2022,47,23
348,348,https://www.rightmove.co.uk/properties/96627493#/?channel=RES_BUY,2022-11-20 21:16:00,2022-11-20,1050000,0,2022,11-2022,47,23
349,349,https://www.rightmove.co.uk/properties/129070415#/?channel=RES_BUY,2022-11-20 21:16:00,2022-11-20,985000,0,2022,11-2022,47,23
350,350,https://www.rightmove.co.uk/properties/129242783#/?channel=RES_BUY,2022-11-20 21:16:00,2022-11-20,1100000,0,2022,11-2022,47,23
351,351,https://www.rightmove.co.uk/properties/129242942#/?channel=RES_BUY,2022-11-20 21:16:00,2022-11-20,725000,0,2022,11-2022,47,23
352,352,https://www.rightmove.co.uk/properties/126170225#/?channel=RES_BUY,2022-11-20 21:16:00,2022-11-20,900000,0,2022,11-2022,47,23
353,353,https://www.rightmove.co.uk/properties/129210680#/?channel=RES_BUY,2022-11-20 21:16:00,2022-11-20,1000000,0,2022,11-2022,47,23
354,354,https://www.rightmove.co.uk/properties/126866693#/?channel=RES_BUY,2022-11-20 21:16:00,2022-11-20,800000,0,2022,11-2022,47,23
355,355,https://www.rightmove.co.uk/properties/122618114#/?channel=RES_BUY,2022-11-20 21:16:00,2022-11-20,950000,0,2022,11-2022,47,23
356,356,https://www.rightmove.co.uk/properties/129183299#/?channel=RES_BUY,2022-11-20 21:16:00,2022-11-20,725000,0,2022,11-2022,47,23
357,357,https://www.rightmove.co.uk/properties/129258947#/?channel=RES_BUY,2022-11-20 21:16:00,2022-11-20,1415000,0,2022,11-2022,47,23
358,358,https://www.rightmove.co.uk/properties/127220135#/?channel=RES_BUY,2022-11-20 21:16:00,2022-11-20,900000,0,2022,11-2022,47,23
359,359,https://www.rightmove.co.uk/properties/126000110#/?channel=RES_BUY,2022-11-20 21:16:00,2022-11-20,650000,0,2022,11-2022,47,23
360,360,https://www.rightmove.co.uk/properties/129431822#/?channel=RES_BUY,2022-11-27 14:21:00,2022-11-27,895000,0,2022,11-2022,48,24
361,361,https://www.rightmove.co.uk/properties/129394022#/?channel=RES_BUY,2022-11-27 14:21:00,2022-11-27,775000,0,2022,11-2022,48,24
362,362,https://www.rightmove.co.uk/properties/129308189#/?channel=RES_BUY,2022-11-27 14:21:00,2022-11-27,750000,0,2022,11-2022,48,24
363,363,https://www.rightmove.co.uk/properties/129298829#/?channel=RES_BUY,2022-11-27 14:21:00,2022-11-27,1150000,0,2022,11-2022,48,24
364,364,https://www.rightmove.co.uk/properties/126130556#/?channel=RES_BUY,2022-11-27 14:21:00,2022-11-27,395000,0,2022,11-2022,48,24
365,365,https://www.rightmove.co.uk/properties/129437687#/?channel=RES_BUY,2022-11-27 14:21:00,2022-11-27,1195000,0,2022,11-2022,48,24
366,366,https://www.rightmove.co.uk/properties/129402164#/?channel=RES_BUY,2022-11-27 14:21:00,2022-11-27,1275000,0,2022,11-2022,48,24
367,367,https://www.rightmove.co.uk/properties/129276626#/?channel=RES_BUY,2022-11-27 14:21:00,2022-11-27,500000,0,2022,11-2022,48,24
368,368,https://www.rightmove.co.uk/properties/128708255#/?channel=RES_BUY,2022-11-27 14:21:00,2022-11-27,450000,0,2022,11-2022,48,24
369,369,https://www.rightmove.co.uk/properties/123993923#/?channel=RES_BUY,2022-11-27 14:21:00,2022-11-27,1300000,0,2022,11-2022,48,24
370,370,https://www.rightmove.co.uk/properties/128392529#/?channel=RES_BUY,2022-11-27 14:21:00,2022-11-27,575000,0,2022,11-2022,48,24
371,371,https://www.rightmove.co.uk/properties/129046784#/?channel=RES_BUY,2022-11-27 14:21:00,2022-11-27,1000000,0,2022,11-2022,48,24
372,372,https://www.rightmove.co.uk/properties/128844011#/?channel=RES_BUY,2022-11-27 14:21:00,2022-11-27,850000,0,2022,11-2022,48,24
373,373,https://www.rightmove.co.uk/properties/129046676#/?channel=RES_BUY,2022-11-27 14:21:00,2022-11-27,650000,0,2022,11-2022,48,24
374,374,https://www.rightmove.co.uk/properties/129435914#/?channel=RES_BUY,2022-11-27 14:21:00,2022-11-27,950000,0,2022,11-2022,48,24
375,375,https://www.rightmove.co.uk/properties/129356009#/?channel=RES_BUY,2022-11-27 14:21:00,2022-11-27,950000,0,2022,11-2022,48,24
376,376,https://www.rightmove.co.uk/properties/129384062#/?channel=RES_BUY,2022-11-27 14:21:00,2022-11-27,800000,0,2022,11-2022,48,24
377,377,https://www.rightmove.co.uk/properties/129360413#/?channel=RES_BUY,2022-11-27 14:21:00,2022-11-27,915000,0,2022,11-2022,48,24
378,378,https://www.rightmove.co.uk/properties/129389060#/?channel=RES_BUY,2022-11-27 14:21:00,2022-11-27,400000,0,2022,11-2022,48,24
379,379,https://www.rightmove.co.uk/properties/128317874#/?channel=RES_BUY,2022-11-27 14:21:00,2022-11-27,850000,0,2022,11-2022,48,24
380,380,https://www.rightmove.co.uk/properties/127496828#/?channel=RES_BUY,2022-11-27 14:21:00,2022-11-27,525000,0,2022,11-2022,48,24
381,381,https://www.rightmove.co.uk/properties/126813647#/?channel=RES_BUY,2022-11-27 14:21:00,2022-11-27,975000,0,2022,11-2022,48,24
382,382,https://www.rightmove.co.uk/properties/126826616#/?channel=RES_BUY,2022-11-27 14:21:00,2022-11-27,1250000,0,2022,11-2022,48,24
383,383,https://www.rightmove.co.uk/properties/129286190#/?channel=RES_BUY,2022-11-27 14:21:00,2022-11-27,865000,0,2022,11-2022,48,24
384,384,https://www.rightmove.co.uk/properties/129377228#/?channel=RES_BUY,2022-11-27 14:21:00,2022-11-27,675000,0,2022,11-2022,48,24
385,385,https://www.rightmove.co.uk/properties/129357248#/?channel=RES_BUY,2022-11-27 14:21:00,2022-11-27,800000,0,2022,11-2022,48,24
386,386,https://www.rightmove.co.uk/properties/129488615#/?channel=RES_BUY,2022-11-27 14:21:00,2022-11-27,685000,0,2022,11-2022,48,24
387,387,https://www.rightmove.co.uk/properties/129393959#/?channel=RES_BUY,2022-11-27 14:21:00,2022-11-27,232500,0,2022,11-2022,48,24
388,388,https://www.rightmove.co.uk/properties/129066521#/?channel=RES_BUY,2022-11-27 14:21:00,2022-11-27,800000,0,2022,11-2022,48,24
389,389,https://www.rightmove.co.uk/properties/129437054#/?channel=RES_BUY,2022-11-27 14:21:00,2022-11-27,1100000,0,2022,11-2022,48,24
390,390,https://www.rightmove.co.uk/properties/125752319#/?channel=RES_BUY,2022-11-27 14:21:00,2022-11-27,850000,0,2022,11-2022,48,24
391,391,https://www.rightmove.co.uk/properties/129292970#/?channel=RES_BUY,2022-11-27 14:21:00,2022-11-27,975000,0,2022,11-2022,48,24
392,392,https://www.rightmove.co.uk/properties/128234183#/?channel=RES_BUY,2022-11-27 14:21:00,2022-11-27,600000,0,2022,11-2022,48,24
393,393,https://www.rightmove.co.uk/properties/129464111#/?channel=RES_BUY,2022-11-27 14:21:00,2022-11-27,675000,0,2022,11-2022,48,24
394,394,https://www.rightmove.co.uk/properties/122723837#/?channel=RES_BUY,2022-11-27 14:21:00,2022-11-27,975000,0,2022,11-2022,48,24
395,395,https://www.rightmove.co.uk/properties/129308186#/?channel=RES_BUY,2022-11-27 14:21:00,2022-11-27,1800000,0,2022,11-2022,48,24
396,396,https://www.rightmove.co.uk/properties/128194097#/?channel=RES_BUY,2022-11-27 14:21:00,2022-11-27,1100000,0,2022,11-2022,48,24
397,397,https://www.rightmove.co.uk/properties/129046775#/?channel=RES_BUY,2022-11-27 14:21:00,2022-11-27,1685000,0,2022,11-2022,48,24
398,398,https://www.rightmove.co.uk/properties/125296889#/?channel=RES_BUY,2022-11-27 14:21:00,2022-11-27,585000,0,2022,11-2022,48,24
399,399,https://www.rightmove.co.uk/properties/129427676#/?channel=RES_BUY,2022-11-27 14:21:00,2022-11-27,1385000,0,2022,11-2022,48,24
400,400,https://www.rightmove.co.uk/properties/129392750#/?channel=RES_BUY,2022-11-27 14:21:00,2022-11-27,426000,0,2022,11-2022,48,24
401,401,https://www.rightmove.co.uk/properties/129363695#/?channel=RES_BUY,2022-11-27 14:21:00,2022-11-27,775000,0,2022,11-2022,48,24
402,402,https://www.rightmove.co.uk/properties/129389804#/?channel=RES_BUY,2022-11-27 14:21:00,2022-11-27,920000,0,2022,11-2022,48,24
403,403,https://www.rightmove.co.uk/properties/129269069#/?channel=RES_BUY,2022-11-27 14:21:00,2022-11-27,650000,0,2022,11-2022,48,24
404,404,https://www.rightmove.co.uk/properties/129341624#/?channel=RES_BUY,2022-11-27 14:21:00,2022-11-27,595000,0,2022,11-2022,48,24
405,405,https://www.rightmove.co.uk/properties/129317729#/?channel=RES_BUY,2022-11-27 14:21:00,2022-11-27,825000,0,2022,11-2022,48,24
406,406,https://www.rightmove.co.uk/properties/128819789#/?channel=RES_BUY,2022-11-27 14:21:00,2022-11-27,900000,0,2022,11-2022,48,24
407,407,https://www.rightmove.co.uk/properties/129358475#/?channel=RES_BUY,2022-11-27 14:21:00,2022-11-27,890000,0,2022,11-2022,48,24
408,408,https://www.rightmove.co.uk/properties/117926864#/?channel=RES_BUY,2022-11-27 14:21:00,2022-11-27,1550000,0,2022,11-2022,48,24
409,409,https://www.rightmove.co.uk/properties/129435134#/?channel=RES_BUY,2022-11-27 14:21:00,2022-11-27,700000,0,2022,11-2022,48,24
410,410,https://www.rightmove.co.uk/properties/129481364#/?channel=RES_BUY,2022-11-27 14:21:00,2022-11-27,1200000,0,2022,11-2022,48,24
411,411,https://www.rightmove.co.uk/properties/128197319#/?channel=RES_BUY,2022-11-27 14:21:00,2022-11-27,580000,0,2022,11-2022,48,24
412,412,https://www.rightmove.co.uk/properties/128169203#/?channel=RES_BUY,2022-11-27 14:21:00,2022-11-27,770000,0,2022,11-2022,48,24
413,413,https://www.rightmove.co.uk/properties/129046694#/?channel=RES_BUY,2022-11-27 14:21:00,2022-11-27,900000,0,2022,11-2022,48,24
414,414,https://www.rightmove.co.uk/properties/129360083#/?channel=RES_BUY,2022-11-27 14:21:00,2022-11-27,400000,0,2022,11-2022,48,24
415,415,https://www.rightmove.co.uk/properties/127279544#/?channel=RES_BUY,2022-11-27 14:21:00,2022-11-27,580000,0,2022,11-2022,48,24
416,416,https://www.rightmove.co.uk/properties/128467883#/?channel=RES_BUY,2022-11-27 14:21:00,2022-11-27,749000,0,2022,11-2022,48,24
417,417,https://www.rightmove.co.uk/properties/129356210#/?channel=RES_BUY,2022-11-27 14:21:00,2022-11-27,1100000,0,2022,11-2022,48,24
418,418,https://www.rightmove.co.uk/properties/129336248#/?channel=RES_BUY,2022-11-27 14:21:00,2022-11-27,775000,0,2022,11-2022,48,24
419,419,https://www.rightmove.co.uk/properties/129384299#/?channel=RES_BUY,2022-11-27 14:21:00,2022-11-27,1800000,0,2022,11-2022,48,24
420,420,https://www.rightmove.co.uk/properties/121781651#/?channel=RES_BUY,2022-11-27 14:21:00,2022-11-27,800000,0,2022,11-2022,48,24
421,421,https://www.rightmove.co.uk/properties/129293444#/?channel=RES_BUY,2022-11-27 14:21:00,2022-11-27,585000,0,2022,11-2022,48,24
422,422,https://www.rightmove.co.uk/properties/129375287#/?channel=RES_BUY,2022-11-27 14:21:00,2022-11-27,850000,0,2022,11-2022,48,24
423,423,https://www.rightmove.co.uk/properties/126647126#/?channel=RES_BUY,2022-11-27 14:21:00,2022-11-27,730000,0,2022,11-2022,48,24
424,424,https://www.rightmove.co.uk/properties/129460337#/?channel=RES_BUY,2022-11-27 14:21:00,2022-11-27,1250000,0,2022,11-2022,48,24
425,425,https://www.rightmove.co.uk/properties/125845643#/?channel=RES_BUY,2022-11-27 14:21:00,2022-11-27,500000,0,2022,11-2022,48,24
426,426,https://www.rightmove.co.uk/properties/125185661#/?channel=RES_BUY,2022-11-27 14:21:00,2022-11-27,1000000,0,2022,11-2022,48,24
427,427,https://www.rightmove.co.uk/properties/129327689#/?channel=RES_BUY,2022-11-27 14:21:00,2022-11-27,900000,0,2022,11-2022,48,24
428,428,https://www.rightmove.co.uk/properties/129489287#/?channel=RES_BUY,2022-11-27 14:21:00,2022-11-27,750000,0,2022,11-2022,48,24
429,429,https://www.rightmove.co.uk/properties/126537863#/?channel=RES_BUY,2022-11-27 14:21:00,2022-11-27,850000,0,2022,11-2022,48,24
430,430,https://www.rightmove.co.uk/properties/127484228#/?channel=RES_BUY,2022-11-27 14:21:00,2022-11-27,650000,0,2022,11-2022,48,24
431,431,https://www.rightmove.co.uk/properties/129358136#/?channel=RES_BUY,2022-11-27 14:21:00,2022-11-27,1050000,0,2022,11-2022,48,24
432,432,https://www.rightmove.co.uk/properties/129461789#/?channel=RES_BUY,2022-11-27 14:21:00,2022-11-27,1070000,0,2022,11-2022,48,24
433,433,https://www.rightmove.co.uk/properties/129504947#/?channel=RES_BUY,2022-11-27 14:21:00,2022-11-27,585000,0,2022,11-2022,48,24
434,434,https://www.rightmove.co.uk/properties/128154848#/?channel=RES_BUY,2022-11-27 14:21:00,2022-11-27,1100000,0,2022,11-2022,48,24
435,435,https://www.rightmove.co.uk/properties/126996536#/?channel=RES_BUY,2022-11-27 14:21:00,2022-11-27,1100000,0,2022,11-2022,48,24
436,436,https://www.rightmove.co.uk/properties/129393704#/?channel=RES_BUY,2022-11-27 14:21:00,2022-11-27,800000,0,2022,11-2022,48,24
437,437,https://www.rightmove.co.uk/properties/129465173#/?channel=RES_BUY,2022-11-27 14:21:00,2022-11-27,1750000,0,2022,11-2022,48,24
438,438,https://www.rightmove.co.uk/properties/129228974#/?channel=RES_BUY,2022-11-27 14:21:00,2022-11-27,599000,0,2022,11-2022,48,24
439,439,https://www.rightmove.co.uk/properties/129400112#/?channel=RES_BUY,2022-11-27 14:21:00,2022-11-27,1395000,0,2022,11-2022,48,24
440,440,https://www.rightmove.co.uk/properties/128192474#/?channel=RES_BUY,2022-11-27 14:21:00,2022-11-27,800000,0,2022,11-2022,48,24
441,441,https://www.rightmove.co.uk/properties/128750081#/?channel=RES_BUY,2022-11-27 14:21:00,2022-11-27,849000,0,2022,11-2022,48,24
442,442,https://www.rightmove.co.uk/properties/129295649#/?channel=RES_BUY,2022-11-27 14:21:00,2022-11-27,1200000,0,2022,11-2022,48,24
443,443,https://www.rightmove.co.uk/properties/129046709#/?channel=RES_BUY,2022-11-27 14:21:00,2022-11-27,600000,0,2022,11-2022,48,24
444,444,https://www.rightmove.co.uk/properties/126773879#/?channel=RES_BUY,2022-11-27 14:21:00,2022-11-27,1250000,0,2022,11-2022,48,24
445,445,https://www.rightmove.co.uk/properties/129281504#/?channel=RES_BUY,2022-11-27 14:21:00,2022-11-27,1250000,0,2022,11-2022,48,24
446,446,https://www.rightmove.co.uk/properties/129308111#/?channel=RES_BUY,2022-11-27 14:21:00,2022-11-27,850000,0,2022,11-2022,48,24
447,447,https://www.rightmove.co.uk/properties/129406034#/?channel=RES_BUY,2022-11-27 14:21:00,2022-11-27,900000,0,2022,11-2022,48,24
448,448,https://www.rightmove.co.uk/properties/129289337#/?channel=RES_BUY,2022-11-27 14:21:00,2022-11-27,950000,0,2022,11-2022,48,24
449,449,https://www.rightmove.co.uk/properties/128515901#/?channel=RES_BUY,2022-11-27 14:21:00,2022-11-27,695000,0,2022,11-2022,48,24
450,450,https://www.rightmove.co.uk/properties/129275915#/?channel=RES_BUY,2022-11-27 14:21:00,2022-11-27,750000,0,2022,11-2022,48,24
451,451,https://www.rightmove.co.uk/properties/126648431#/?channel=RES_BUY,2022-11-27 14:21:00,2022-11-27,825000,0,2022,11-2022,48,24
452,452,https://www.rightmove.co.uk/properties/128377031#/?channel=RES_BUY,2022-11-27 14:21:00,2022-11-27,1400000,0,2022,11-2022,48,24
453,453,https://www.rightmove.co.uk/properties/129293468#/?channel=RES_BUY,2022-11-27 14:21:00,2022-11-27,1440000,0,2022,11-2022,48,24
454,454,https://www.rightmove.co.uk/properties/128602151#/?channel=RES_BUY,2022-11-27 14:21:00,2022-11-27,525000,0,2022,11-2022,48,24
455,455,https://www.rightmove.co.uk/properties/129282920#/?channel=RES_BUY,2022-11-27 14:21:00,2022-11-27,600000,0,2022,11-2022,48,24
456,456,https://www.rightmove.co.uk/properties/129450332#/?channel=RES_BUY,2022-11-27 14:21:00,2022-11-27,1250000,0,2022,11-2022,48,24
457,457,https://www.rightmove.co.uk/properties/106604096#/?channel=RES_BUY,2022-11-27 14:21:00,2022-11-27,425000,0,2022,11-2022,48,24
458,458,https://www.rightmove.co.uk/properties/129391055#/?channel=RES_BUY,2022-11-27 14:21:00,2022-11-27,1750000,0,2022,11-2022,48,24
459,459,https://www.rightmove.co.uk/properties/127928897#/?channel=RES_BUY,2022-11-27 14:21:00,2022-11-27,950000,0,2022,11-2022,48,24
460,460,https://www.rightmove.co.uk/properties/127638929#/?channel=RES_BUY,2022-11-27 14:21:00,2022-11-27,850000,0,2022,11-2022,48,24
461,461,https://www.rightmove.co.uk/properties/129378065#/?channel=RES_BUY,2022-11-27 14:21:00,2022-11-27,525000,0,2022,11-2022,48,24
462,462,https://www.rightmove.co.uk/properties/129480704#/?channel=RES_BUY,2022-11-27 14:21:00,2022-11-27,550000,0,2022,11-2022,48,24
463,463,https://www.rightmove.co.uk/properties/115559063#/?channel=RES_BUY,2022-11-27 14:21:00,2022-11-27,585000,0,2022,11-2022,48,24
464,464,https://www.rightmove.co.uk/properties/129324416#/?channel=RES_BUY,2022-11-27 14:21:00,2022-11-27,850000,0,2022,11-2022,48,24
465,465,https://www.rightmove.co.uk/properties/129293438#/?channel=RES_BUY,2022-11-27 14:21:00,2022-11-27,895000,0,2022,11-2022,48,24
466,466,https://www.rightmove.co.uk/properties/129348755#/?channel=RES_BUY,2022-11-27 14:21:00,2022-11-27,700000,0,2022,11-2022,48,24
467,467,https://www.rightmove.co.uk/properties/129394763#/?channel=RES_BUY,2022-11-27 14:21:00,2022-11-27,930000,0,2022,11-2022,48,24
468,468,https://www.rightmove.co.uk/properties/129278129#/?channel=RES_BUY,2022-11-27 14:21:00,2022-11-27,1175000,0,2022,11-2022,48,24
469,469,https://www.rightmove.co.uk/properties/129450491#/?channel=RES_BUY,2022-11-27 14:21:00,2022-11-27,1250000,0,2022,11-2022,48,24
470,470,https://www.rightmove.co.uk/properties/123935363#/?channel=RES_BUY,2022-11-27 14:21:00,2022-11-27,600000,0,2022,11-2022,48,24
471,471,https://www.rightmove.co.uk/properties/129461660#/?channel=RES_BUY,2022-11-27 14:21:00,2022-11-27,1380000,0,2022,11-2022,48,24
472,472,https://www.rightmove.co.uk/properties/129460790#/?channel=RES_BUY,2022-11-27 14:21:00,2022-11-27,1350000,0,2022,11-2022,48,24
473,473,https://www.rightmove.co.uk/properties/119733887#/?channel=RES_BUY,2022-11-27 14:21:00,2022-11-27,950000,0,2022,11-2022,48,24
474,474,https://www.rightmove.co.uk/properties/108870530#/?channel=RES_BUY,2022-12-04 16:00:00,2022-12-04,575000,0,2022,12-2022,49,24
475,475,https://www.rightmove.co.uk/properties/129564944#/?channel=RES_BUY,2022-12-04 16:00:00,2022-12-04,735000,0,2022,12-2022,49,24
476,476,https://www.rightmove.co.uk/properties/129561491#/?channel=RES_BUY,2022-12-04 16:00:00,2022-12-04,1000000,0,2022,12-2022,49,24
477,477,https://www.rightmove.co.uk/properties/125117642#/?channel=RES_BUY,2022-12-04 16:00:00,2022-12-04,1700000,0,2022,12-2022,49,24
478,478,https://www.rightmove.co.uk/properties/129639941#/?channel=RES_BUY,2022-12-04 16:00:00,2022-12-04,850000,0,2022,12-2022,49,24
479,479,https://www.rightmove.co.uk/properties/127314158#/?channel=RES_BUY,2022-12-04 16:00:00,2022-12-04,1395000,0,2022,12-2022,49,24
480,480,https://www.rightmove.co.uk/properties/128383916#/?channel=RES_BUY,2022-12-04 16:00:00,2022-12-04,650000,0,2022,12-2022,49,24
481,481,https://www.rightmove.co.uk/properties/129633095#/?channel=RES_BUY,2022-12-04 16:00:00,2022-12-04,615000,0,2022,12-2022,49,24
482,482,https://www.rightmove.co.uk/properties/129661895#/?channel=RES_BUY,2022-12-04 16:00:00,2022-12-04,700000,0,2022,12-2022,49,24
483,483,https://www.rightmove.co.uk/properties/123805364#/?channel=RES_BUY,2022-12-04 16:00:00,2022-12-04,825000,0,2022,12-2022,49,24
484,484,https://www.rightmove.co.uk/properties/129682178#/?channel=RES_BUY,2022-12-04 16:00:00,2022-12-04,2500000,0,2022,12-2022,49,24
485,485,https://www.rightmove.co.uk/properties/129543653#/?channel=RES_BUY,2022-12-04 16:00:00,2022-12-04,1275000,0,2022,12-2022,49,24
486,486,https://www.rightmove.co.uk/properties/128035130#/?channel=RES_BUY,2022-12-04 16:00:00,2022-12-04,375000,0,2022,12-2022,49,24
487,487,https://www.rightmove.co.uk/properties/129649439#/?channel=RES_BUY,2022-12-04 16:00:00,2022-12-04,500000,0,2022,12-2022,49,24
488,488,https://www.rightmove.co.uk/properties/129516236#/?channel=RES_BUY,2022-12-04 16:00:00,2022-12-04,550000,0,2022,12-2022,49,24
489,489,https://www.rightmove.co.uk/properties/129527597#/?channel=RES_BUY,2022-12-04 16:00:00,2022-12-04,850000,0,2022,12-2022,49,24
490,490,https://www.rightmove.co.uk/properties/129540353#/?channel=RES_BUY,2022-12-04 16:00:00,2022-12-04,1099000,0,2022,12-2022,49,24
491,491,https://www.rightmove.co.uk/properties/129634460#/?channel=RES_BUY,2022-12-04 16:00:00,2022-12-04,1100000,0,2022,12-2022,49,24
492,492,https://www.rightmove.co.uk/properties/124815818#/?channel=RES_BUY,2022-12-04 16:00:00,2022-12-04,775000,0,2022,12-2022,49,24
493,493,https://www.rightmove.co.uk/properties/128925662#/?channel=RES_BUY,2022-12-04 16:00:00,2022-12-04,375000,0,2022,12-2022,49,24
494,494,https://www.rightmove.co.uk/properties/129700304#/?channel=RES_BUY,2022-12-04 16:00:00,2022-12-04,800000,0,2022,12-2022,49,24
495,495,https://www.rightmove.co.uk/properties/127043246#/?channel=RES_BUY,2022-12-04 16:00:00,2022-12-04,1135000,0,2022,12-2022,49,24
496,496,https://www.rightmove.co.uk/properties/123265823#/?channel=RES_BUY,2022-12-04 16:00:00,2022-12-04,825000,0,2022,12-2022,49,24
497,497,https://www.rightmove.co.uk/properties/127732310#/?channel=RES_BUY,2022-12-04 16:00:00,2022-12-04,1700000,0,2022,12-2022,49,24
498,498,https://www.rightmove.co.uk/properties/127461233#/?channel=RES_BUY,2022-12-04 16:00:00,2022-12-04,700000,0,2022,12-2022,49,24
499,499,https://www.rightmove.co.uk/properties/129644369#/?channel=RES_BUY,2022-12-04 16:00:00,2022-12-04,495000,0,2022,12-2022,49,24
500,500,https://www.rightmove.co.uk/properties/129567332#/?channel=RES_BUY,2022-12-04 16:00:00,2022-12-04,700000,0,2022,12-2022,49,24
501,501,https://www.rightmove.co.uk/properties/126305078#/?channel=RES_BUY,2022-12-04 16:00:00,2022-12-04,695000,0,2022,12-2022,49,24
502,502,https://www.rightmove.co.uk/properties/129606512#/?channel=RES_BUY,2022-12-04 16:00:00,2022-12-04,899950,0,2022,12-2022,49,24
503,503,https://www.rightmove.co.uk/properties/129609554#/?channel=RES_BUY,2022-12-04 16:00:00,2022-12-04,750000,0,2022,12-2022,49,24
504,504,https://www.rightmove.co.uk/properties/85613424#/?channel=RES_BUY,2022-12-04 16:00:00,2022-12-04,530000,0,2022,12-2022,49,24
505,505,https://www.rightmove.co.uk/properties/127735286#/?channel=RES_BUY,2022-12-04 16:00:00,2022-12-04,725000,0,2022,12-2022,49,24
506,506,https://www.rightmove.co.uk/properties/129664622#/?channel=RES_BUY,2022-12-04 16:00:00,2022-12-04,1100000,0,2022,12-2022,49,24
507,507,https://www.rightmove.co.uk/properties/129565091#/?channel=RES_BUY,2022-12-04 16:00:00,2022-12-04,875000,0,2022,12-2022,49,24
508,508,https://www.rightmove.co.uk/properties/128128826#/?channel=RES_BUY,2022-12-04 16:00:00,2022-12-04,550000,0,2022,12-2022,49,24
509,509,https://www.rightmove.co.uk/properties/127941761#/?channel=RES_BUY,2022-12-04 16:00:00,2022-12-04,450000,0,2022,12-2022,49,24
510,510,https://www.rightmove.co.uk/properties/128467883#/?channel=RES_BUY,2022-12-04 16:00:00,2022-12-04,720000,0,2022,12-2022,49,24
511,511,https://www.rightmove.co.uk/properties/129574301#/?channel=RES_BUY,2022-12-04 16:00:00,2022-12-04,1150000,0,2022,12-2022,49,24
512,512,https://www.rightmove.co.uk/properties/85879902#/?channel=RES_BUY,2022-12-04 16:00:00,2022-12-04,500000,0,2022,12-2022,49,24
513,513,https://www.rightmove.co.uk/properties/124863485#/?channel=RES_BUY,2022-12-04 16:00:00,2022-12-04,625000,0,2022,12-2022,49,24
514,514,https://www.rightmove.co.uk/properties/129591425#/?channel=RES_BUY,2022-12-04 16:00:00,2022-12-04,730000,0,2022,12-2022,49,24
515,515,https://www.rightmove.co.uk/properties/85935762#/?channel=RES_BUY,2022-12-04 16:00:00,2022-12-04,900000,0,2022,12-2022,49,24
516,516,https://www.rightmove.co.uk/properties/129149762#/?channel=RES_BUY,2022-12-04 16:00:00,2022-12-04,700000,0,2022,12-2022,49,24
517,517,https://www.rightmove.co.uk/properties/129555893#/?channel=RES_BUY,2022-12-04 16:00:00,2022-12-04,800000,0,2022,12-2022,49,24
518,518,https://www.rightmove.co.uk/properties/129575069#/?channel=RES_BUY,2022-12-04 16:00:00,2022-12-04,725000,0,2022,12-2022,49,24
519,519,https://www.rightmove.co.uk/properties/129242783#/?channel=RES_BUY,2022-12-04 16:00:00,2022-12-04,1000000,0,2022,12-2022,49,24
520,520,https://www.rightmove.co.uk/properties/118975832#/?channel=RES_BUY,2022-12-04 16:00:00,2022-12-04,1150000,0,2022,12-2022,49,24
521,521,https://www.rightmove.co.uk/properties/129562103#/?channel=RES_BUY,2022-12-04 16:00:00,2022-12-04,1000000,0,2022,12-2022,49,24
522,522,https://www.rightmove.co.uk/properties/129461789#/?channel=RES_BUY,2022-12-04 16:00:00,2022-12-04,1000000,0,2022,12-2022,49,24
523,523,https://www.rightmove.co.uk/properties/126249320#/?channel=RES_BUY,2022-12-04 16:00:00,2022-12-04,750000,0,2022,12-2022,49,24
524,524,https://www.rightmove.co.uk/properties/127247342#/?channel=RES_BUY,2022-12-04 16:00:00,2022-12-04,1500000,0,2022,12-2022,49,24
525,525,https://www.rightmove.co.uk/properties/129677786#/?channel=RES_BUY,2022-12-04 16:00:00,2022-12-04,1100000,0,2022,12-2022,49,24
526,526,https://www.rightmove.co.uk/properties/129673568#/?channel=RES_BUY,2022-12-04 16:00:00,2022-12-04,380000,0,2022,12-2022,49,24
527,527,https://www.rightmove.co.uk/properties/128190476#/?channel=RES_BUY,2022-12-04 16:00:00,2022-12-04,700000,0,2022,12-2022,49,24
528,528,https://www.rightmove.co.uk/properties/129660242#/?channel=RES_BUY,2022-12-04 16:00:00,2022-12-04,1350000,0,2022,12-2022,49,24
529,529,https://www.rightmove.co.uk/properties/129059156#/?channel=RES_BUY,2022-12-04 16:00:00,2022-12-04,520000,0,2022,12-2022,49,24
530,530,https://www.rightmove.co.uk/properties/129593363#/?channel=RES_BUY,2022-12-04 16:00:00,2022-12-04,950000,0,2022,12-2022,49,24
531,531,https://www.rightmove.co.uk/properties/122312216#/?channel=RES_BUY,2022-12-04 16:00:00,2022-12-04,980000,0,2022,12-2022,49,24
532,532,https://www.rightmove.co.uk/properties/129569957#/?channel=RES_BUY,2022-12-04 16:00:00,2022-12-04,1250000,0,2022,12-2022,49,24
533,533,https://www.rightmove.co.uk/properties/129582992#/?channel=RES_BUY,2022-12-04 16:00:00,2022-12-04,1250000,0,2022,12-2022,49,24
534,534,https://www.rightmove.co.uk/properties/129672503#/?channel=RES_BUY,2022-12-04 16:00:00,2022-12-04,775000,0,2022,12-2022,49,24
535,535,https://www.rightmove.co.uk/properties/129663104#/?channel=RES_BUY,2022-12-04 16:00:00,2022-12-04,680000,0,2022,12-2022,49,24
536,536,https://www.rightmove.co.uk/properties/129673655#/?channel=RES_BUY,2022-12-04 16:00:00,2022-12-04,1395000,0,2022,12-2022,49,24
537,537,https://www.rightmove.co.uk/properties/128161331#/?channel=RES_BUY,2022-12-04 16:00:00,2022-12-04,525000,0,2022,12-2022,49,24
538,538,https://www.rightmove.co.uk/properties/125736890#/?channel=RES_BUY,2022-12-04 16:00:00,2022-12-04,1250000,0,2022,12-2022,49,24
539,539,https://www.rightmove.co.uk/properties/129574835#/?channel=RES_BUY,2022-12-04 16:00:00,2022-12-04,1040000,0,2022,12-2022,49,24
540,540,https://www.rightmove.co.uk/properties/127706243#/?channel=RES_BUY,2022-12-04 16:00:00,2022-12-04,725000,0,2022,12-2022,49,24
541,541,https://www.rightmove.co.uk/properties/129596315#/?channel=RES_BUY,2022-12-04 16:00:00,2022-12-04,1000000,0,2022,12-2022,49,24
542,542,https://www.rightmove.co.uk/properties/129701015#/?channel=RES_BUY,2022-12-04 16:00:00,2022-12-04,1200000,0,2022,12-2022,49,24
543,543,https://www.rightmove.co.uk/properties/129532700#/?channel=RES_BUY,2022-12-04 16:00:00,2022-12-04,560000,0,2022,12-2022,49,24
544,544,https://www.rightmove.co.uk/properties/129527045#/?channel=RES_BUY,2022-12-04 16:00:00,2022-12-04,1250000,0,2022,12-2022,49,24
545,545,https://www.rightmove.co.uk/properties/120500534#/?channel=RES_BUY,2022-12-04 16:00:00,2022-12-04,850000,0,2022,12-2022,49,24
546,546,https://www.rightmove.co.uk/properties/129617240#/?channel=RES_BUY,2022-12-04 16:00:00,2022-12-04,545000,0,2022,12-2022,49,24
547,547,https://www.rightmove.co.uk/properties/129585383#/?channel=RES_BUY,2022-12-04 16:00:00,2022-12-04,725000,0,2022,12-2022,49,24
548,548,https://www.rightmove.co.uk/properties/128806460#/?channel=RES_BUY,2022-12-04 16:00:00,2022-12-04,825000,0,2022,12-2022,49,24
549,549,https://www.rightmove.co.uk/properties/129662492#/?channel=RES_BUY,2022-12-04 16:00:00,2022-12-04,600000,0,2022,12-2022,49,24
550,550,https://www.rightmove.co.uk/properties/125342444#/?channel=RES_BUY,2022-12-04 16:00:00,2022-12-04,795000,0,2022,12-2022,49,24
551,551,https://www.rightmove.co.uk/properties/120028418#/?channel=RES_BUY,2022-12-04 16:00:00,2022-12-04,800000,0,2022,12-2022,49,24
552,552,https://www.rightmove.co.uk/properties/129539222#/?channel=RES_BUY,2022-12-04 16:00:00,2022-12-04,1375000,0,2022,12-2022,49,24
553,553,https://www.rightmove.co.uk/properties/129539237#/?channel=RES_BUY,2022-12-04 16:00:00,2022-12-04,1365000,0,2022,12-2022,49,24
554,554,https://www.rightmove.co.uk/properties/129566144#/?channel=RES_BUY,2022-12-04 16:00:00,2022-12-04,520000,0,2022,12-2022,49,24
555,555,https://www.rightmove.co.uk/properties/127482137#/?channel=RES_BUY,2022-12-04 16:00:00,2022-12-04,825000,0,2022,12-2022,49,24
556,556,https://www.rightmove.co.uk/properties/127766621#/?channel=RES_BUY,2022-12-04 16:00:00,2022-12-04,625000,0,2022,12-2022,49,24
557,557,https://www.rightmove.co.uk/properties/129682142#/?channel=RES_BUY,2022-12-04 16:00:00,2022-12-04,585000,0,2022,12-2022,49,24
558,558,https://www.rightmove.co.uk/properties/129609947#/?channel=RES_BUY,2022-12-04 16:00:00,2022-12-04,425000,0,2022,12-2022,49,24
559,559,https://www.rightmove.co.uk/properties/114720740#/?channel=RES_BUY,2022-12-04 16:00:00,2022-12-04,1300000,0,2022,12-2022,49,24
560,560,https://www.rightmove.co.uk/properties/129687329#/?channel=RES_BUY,2022-12-04 16:00:00,2022-12-04,489999,0,2022,12-2022,49,24
561,561,https://www.rightmove.co.uk/properties/128600942#/?channel=RES_BUY,2022-12-04 16:00:00,2022-12-04,1500000,0,2022,12-2022,49,24
562,562,https://www.rightmove.co.uk/properties/85755750#/?channel=RES_BUY,2022-12-04 16:00:00,2022-12-04,1000000,0,2022,12-2022,49,24
563,563,https://www.rightmove.co.uk/properties/129674774#/?channel=RES_BUY,2022-12-04 16:00:00,2022-12-04,795000,0,2022,12-2022,49,24
564,564,https://www.rightmove.co.uk/properties/128804603#/?channel=RES_BUY,2022-12-04 16:00:00,2022-12-04,475000,0,2022,12-2022,49,24
565,565,https://www.rightmove.co.uk/properties/129582995#/?channel=RES_BUY,2022-12-04 16:00:00,2022-12-04,1100000,0,2022,12-2022,49,24
566,566,https://www.rightmove.co.uk/properties/129554036#/?channel=RES_BUY,2022-12-04 16:00:00,2022-12-04,735000,0,2022,12-2022,49,24
567,567,https://www.rightmove.co.uk/properties/129579266#/?channel=RES_BUY,2022-12-04 16:00:00,2022-12-04,775000,0,2022,12-2022,49,24
568,568,https://www.rightmove.co.uk/properties/129557723#/?channel=RES_BUY,2022-12-04 16:00:00,2022-12-04,1150000,0,2022,12-2022,49,24
569,569,https://www.rightmove.co.uk/properties/125623172#/?channel=RES_BUY,2022-12-04 16:00:00,2022-12-04,850000,0,2022,12-2022,49,24
570,570,https://www.rightmove.co.uk/properties/129660491#/?channel=RES_BUY,2022-12-04 16:00:00,2022-12-04,830000,0,2022,12-2022,49,24
571,571,https://www.rightmove.co.uk/properties/85903860#/?channel=RES_BUY,2022-12-04 16:00:00,2022-12-04,449950,0,2022,12-2022,49,24
572,572,https://www.rightmove.co.uk/properties/127496897#/?channel=RES_BUY,2022-12-04 16:00:00,2022-12-04,425000,0,2022,12-2022,49,24
573,573,https://www.rightmove.co.uk/properties/129551804#/?channel=RES_BUY,2022-12-04 16:00:00,2022-12-04,1700000,0,2022,12-2022,49,24
574,574,https://www.rightmove.co.uk/properties/129553751#/?channel=RES_BUY,2022-12-04 16:00:00,2022-12-04,1125000,0,2022,12-2022,49,24
575,575,https://www.rightmove.co.uk/properties/127785095#/?channel=RES_BUY,2022-12-04 16:00:00,2022-12-04,795000,0,2022,12-2022,49,24
576,576,https://www.rightmove.co.uk/properties/129607037#/?channel=RES_BUY,2022-12-04 16:00:00,2022-12-04,1150000,0,2022,12-2022,49,24
577,577,https://www.rightmove.co.uk/properties/129650780#/?channel=RES_BUY,2022-12-04 16:00:00,2022-12-04,690000,0,2022,12-2022,49,24
578,578,https://www.rightmove.co.uk/properties/129545687#/?channel=RES_BUY,2022-12-04 16:00:00,2022-12-04,1400000,0,2022,12-2022,49,24
579,579,https://www.rightmove.co.uk/properties/126434036#/?channel=RES_BUY,2022-12-04 16:00:00,2022-12-04,500000,0,2022,12-2022,49,24
580,580,https://www.rightmove.co.uk/properties/129576647#/?channel=RES_BUY,2022-12-04 16:00:00,2022-12-04,1250000,0,2022,12-2022,49,24
581,581,https://www.rightmove.co.uk/properties/126858959#/?channel=RES_BUY,2022-12-04 16:00:00,2022-12-04,815000,0,2022,12-2022,49,24
582,582,https://www.rightmove.co.uk/properties/122783720#/?channel=RES_BUY,2022-12-04 16:00:00,2022-12-04,1050000,0,2022,12-2022,49,24
583,583,https://www.rightmove.co.uk/properties/128046761#/?channel=RES_BUY,2022-12-04 16:00:00,2022-12-04,850000,0,2022,12-2022,49,24
584,584,https://www.rightmove.co.uk/properties/127185809#/?channel=RES_BUY,2022-12-04 16:00:00,2022-12-04,875000,0,2022,12-2022,49,24
585,585,https://www.rightmove.co.uk/properties/129686033#/?channel=RES_BUY,2022-12-04 16:00:00,2022-12-04,1300000,0,2022,12-2022,49,24
586,586,https://www.rightmove.co.uk/properties/129712106#/?channel=RES_BUY,2022-12-11 10:08:00,2022-12-11,1000000,0,2022,12-2022,50,25
587,587,https://www.rightmove.co.uk/properties/128898722#/?channel=RES_BUY,2022-12-11 10:08:00,2022-12-11,1000000,0,2022,12-2022,50,25
588,588,https://www.rightmove.co.uk/properties/129842261#/?channel=RES_BUY,2022-12-11 10:08:00,2022-12-11,1000000,0,2022,12-2022,50,25
589,589,https://www.rightmove.co.uk/properties/85169205#/?channel=RES_BUY,2022-12-11 10:08:00,2022-12-11,795000,0,2022,12-2022,50,25
590,590,https://www.rightmove.co.uk/properties/129844559#/?channel=RES_BUY,2022-12-11 10:08:00,2022-12-11,740000,0,2022,12-2022,50,25
591,591,https://www.rightmove.co.uk/properties/129723563#/?channel=RES_BUY,2022-12-11 10:08:00,2022-12-11,450000,0,2022,12-2022,50,25
592,592,https://www.rightmove.co.uk/properties/96614875#/?channel=RES_BUY,2022-12-11 10:08:00,2022-12-11,550000,0,2022,12-2022,50,25
593,593,https://www.rightmove.co.uk/properties/129762146#/?channel=RES_BUY,2022-12-11 10:08:00,2022-12-11,1090000,0,2022,12-2022,50,25
594,594,https://www.rightmove.co.uk/properties/84129467#/?channel=RES_BUY,2022-12-11 10:08:00,2022-12-11,775000,0,2022,12-2022,50,25
595,595,https://www.rightmove.co.uk/properties/129719093#/?channel=RES_BUY,2022-12-11 10:08:00,2022-12-11,600000,0,2022,12-2022,50,25
596,596,https://www.rightmove.co.uk/properties/114779810#/?channel=RES_BUY,2022-12-11 10:08:00,2022-12-11,1395000,0,2022,12-2022,50,25
597,597,https://www.rightmove.co.uk/properties/129776279#/?channel=RES_BUY,2022-12-11 10:08:00,2022-12-11,1100000,0,2022,12-2022,50,25
598,598,https://www.rightmove.co.uk/properties/128940077#/?channel=RES_BUY,2022-12-11 10:08:00,2022-12-11,375000,0,2022,12-2022,50,25
599,599,https://www.rightmove.co.uk/properties/129873416#/?channel=RES_BUY,2022-12-11 10:08:00,2022-12-11,475000,0,2022,12-2022,50,25
600,600,https://www.rightmove.co.uk/properties/129857951#/?channel=RES_BUY,2022-12-11 10:08:00,2022-12-11,650000,0,2022,12-2022,50,25
601,601,https://www.rightmove.co.uk/properties/129813164#/?channel=RES_BUY,2022-12-11 10:08:00,2022-12-11,200000,0,2022,12-2022,50,25
602,602,https://www.rightmove.co.uk/properties/128947184#/?channel=RES_BUY,2022-12-11 10:08:00,2022-12-11,800000,0,2022,12-2022,50,25
603,603,https://www.rightmove.co.uk/properties/129543230#/?channel=RES_BUY,2022-12-11 10:08:00,2022-12-11,699999,0,2022,12-2022,50,25
604,604,https://www.rightmove.co.uk/properties/128401964#/?channel=RES_BUY,2022-12-11 10:08:00,2022-12-11,470000,0,2022,12-2022,50,25
605,605,https://www.rightmove.co.uk/properties/127080413#/?channel=RES_BUY,2022-12-11 10:08:00,2022-12-11,599999,0,2022,12-2022,50,25
606,606,https://www.rightmove.co.uk/properties/129804980#/?channel=RES_BUY,2022-12-11 10:08:00,2022-12-11,1400000,0,2022,12-2022,50,25
607,607,https://www.rightmove.co.uk/properties/129802289#/?channel=RES_BUY,2022-12-11 10:08:00,2022-12-11,695000,0,2022,12-2022,50,25
608,608,https://www.rightmove.co.uk/properties/129880724#/?channel=RES_BUY,2022-12-11 10:08:00,2022-12-11,835000,0,2022,12-2022,50,25
609,609,https://www.rightmove.co.uk/properties/129543338#/?channel=RES_BUY,2022-12-11 10:08:00,2022-12-11,580000,0,2022,12-2022,50,25
610,610,https://www.rightmove.co.uk/properties/129844517#/?channel=RES_BUY,2022-12-11 10:08:00,2022-12-11,650000,0,2022,12-2022,50,25
611,611,https://www.rightmove.co.uk/properties/129762347#/?channel=RES_BUY,2022-12-11 10:08:00,2022-12-11,450000,0,2022,12-2022,50,25
612,612,https://www.rightmove.co.uk/properties/129748277#/?channel=RES_BUY,2022-12-11 10:08:00,2022-12-11,520000,0,2022,12-2022,50,25
613,613,https://www.rightmove.co.uk/properties/129865172#/?channel=RES_BUY,2022-12-11 10:08:00,2022-12-11,690000,0,2022,12-2022,50,25
614,614,https://www.rightmove.co.uk/properties/128703287#/?channel=RES_BUY,2022-12-11 10:08:00,2022-12-11,750000,0,2022,12-2022,50,25
615,615,https://www.rightmove.co.uk/properties/129867263#/?channel=RES_BUY,2022-12-11 10:08:00,2022-12-11,1800000,0,2022,12-2022,50,25
616,616,https://www.rightmove.co.uk/properties/129536615#/?channel=RES_BUY,2022-12-11 10:08:00,2022-12-11,957500,0,2022,12-2022,50,25
617,617,https://www.rightmove.co.uk/properties/129819509#/?channel=RES_BUY,2022-12-11 10:08:00,2022-12-11,1330000,0,2022,12-2022,50,25
618,618,https://www.rightmove.co.uk/properties/126707624#/?channel=RES_BUY,2022-12-11 10:08:00,2022-12-11,795000,0,2022,12-2022,50,25
619,619,https://www.rightmove.co.uk/properties/127600604#/?channel=RES_BUY,2022-12-11 10:08:00,2022-12-11,450000,0,2022,12-2022,50,25
620,620,https://www.rightmove.co.uk/properties/125752319#/?channel=RES_BUY,2022-12-11 10:08:00,2022-12-11,800000,0,2022,12-2022,50,25
621,621,https://www.rightmove.co.uk/properties/85918428#/?channel=RES_BUY,2022-12-11 10:08:00,2022-12-11,795000,0,2022,12-2022,50,25
622,622,https://www.rightmove.co.uk/properties/85873389#/?channel=RES_BUY,2022-12-11 10:08:00,2022-12-11,1400000,0,2022,12-2022,50,25
623,623,https://www.rightmove.co.uk/properties/129844556#/?channel=RES_BUY,2022-12-11 10:08:00,2022-12-11,800000,0,2022,12-2022,50,25
624,624,https://www.rightmove.co.uk/properties/129710564#/?channel=RES_BUY,2022-12-11 10:08:00,2022-12-11,1250000,0,2022,12-2022,50,25
625,625,https://www.rightmove.co.uk/properties/129768620#/?channel=RES_BUY,2022-12-11 10:08:00,2022-12-11,430000,0,2022,12-2022,50,25
626,626,https://www.rightmove.co.uk/properties/125347238#/?channel=RES_BUY,2022-12-11 10:08:00,2022-12-11,800000,0,2022,12-2022,50,25
627,627,https://www.rightmove.co.uk/properties/127804364#/?channel=RES_BUY,2022-12-11 10:08:00,2022-12-11,860000,0,2022,12-2022,50,25
628,628,https://www.rightmove.co.uk/properties/129771188#/?channel=RES_BUY,2022-12-11 10:08:00,2022-12-11,1250000,0,2022,12-2022,50,25
629,629,https://www.rightmove.co.uk/properties/77715060#/?channel=RES_BUY,2022-12-11 10:08:00,2022-12-11,775000,0,2022,12-2022,50,25
630,630,https://www.rightmove.co.uk/properties/121811447#/?channel=RES_BUY,2022-12-11 10:08:00,2022-12-11,795000,0,2022,12-2022,50,25
631,631,https://www.rightmove.co.uk/properties/129774953#/?channel=RES_BUY,2022-12-11 10:08:00,2022-12-11,795000,0,2022,12-2022,50,25
632,632,https://www.rightmove.co.uk/properties/101188595#/?channel=RES_BUY,2022-12-11 10:08:00,2022-12-11,1000000,0,2022,12-2022,50,25
633,633,https://www.rightmove.co.uk/properties/129818759#/?channel=RES_BUY,2022-12-11 10:08:00,2022-12-11,775000,0,2022,12-2022,50,25
634,634,https://www.rightmove.co.uk/properties/85964289#/?channel=RES_BUY,2022-12-11 10:08:00,2022-12-11,625000,0,2022,12-2022,50,25
635,635,https://www.rightmove.co.uk/properties/129833408#/?channel=RES_BUY,2022-12-11 10:08:00,2022-12-11,750000,0,2022,12-2022,50,25
636,636,https://www.rightmove.co.uk/properties/129813185#/?channel=RES_BUY,2022-12-11 10:08:00,2022-12-11,750000,0,2022,12-2022,50,25
637,637,https://www.rightmove.co.uk/properties/129742787#/?channel=RES_BUY,2022-12-11 10:08:00,2022-12-11,575000,0,2022,12-2022,50,25
638,638,https://www.rightmove.co.uk/properties/129804065#/?channel=RES_BUY,2022-12-11 10:08:00,2022-12-11,775000,0,2022,12-2022,50,25
639,639,https://www.rightmove.co.uk/properties/129864857#/?channel=RES_BUY,2022-12-11 10:08:00,2022-12-11,795000,0,2022,12-2022,50,25
640,640,https://www.rightmove.co.uk/properties/85966011#/?channel=RES_BUY,2022-12-11 10:08:00,2022-12-11,1750000,0,2022,12-2022,50,25
641,641,https://www.rightmove.co.uk/properties/129843668#/?channel=RES_BUY,2022-12-11 10:08:00,2022-12-11,840000,0,2022,12-2022,50,25
642,642,https://www.rightmove.co.uk/properties/125031992#/?channel=RES_BUY,2022-12-11 10:08:00,2022-12-11,795000,0,2022,12-2022,50,25
643,643,https://www.rightmove.co.uk/properties/128338349#/?channel=RES_BUY,2022-12-11 10:08:00,2022-12-11,529000,0,2022,12-2022,50,25
644,644,https://www.rightmove.co.uk/properties/129855956#/?channel=RES_BUY,2022-12-11 10:08:00,2022-12-11,875000,0,2022,12-2022,50,25
645,645,https://www.rightmove.co.uk/properties/129872840#/?channel=RES_BUY,2022-12-11 10:08:00,2022-12-11,425000,0,2022,12-2022,50,25
646,646,https://www.rightmove.co.uk/properties/128339606#/?channel=RES_BUY,2022-12-11 10:08:00,2022-12-11,850000,0,2022,12-2022,50,25
647,647,https://www.rightmove.co.uk/properties/129844520#/?channel=RES_BUY,2022-12-11 10:08:00,2022-12-11,575000,0,2022,12-2022,50,25
648,648,https://www.rightmove.co.uk/properties/129844562#/?channel=RES_BUY,2022-12-11 10:08:00,2022-12-11,550000,0,2022,12-2022,50,25
649,649,https://www.rightmove.co.uk/properties/129308111#/?channel=RES_BUY,2022-12-11 10:08:00,2022-12-11,830000,0,2022,12-2022,50,25
650,650,https://www.rightmove.co.uk/properties/85964976#/?channel=RES_BUY,2022-12-11 10:08:00,2022-12-11,595000,0,2022,12-2022,50,25
651,651,https://www.rightmove.co.uk/properties/129758423#/?channel=RES_BUY,2022-12-11 10:08:00,2022-12-11,530000,0,2022,12-2022,50,25
652,652,https://www.rightmove.co.uk/properties/129756425#/?channel=RES_BUY,2022-12-11 10:08:00,2022-12-11,1175000,0,2022,12-2022,50,25
653,653,https://www.rightmove.co.uk/properties/85583085#/?channel=RES_BUY,2022-12-11 10:08:00,2022-12-11,795000,0,2022,12-2022,50,25
654,654,https://www.rightmove.co.uk/properties/129862208#/?channel=RES_BUY,2022-12-11 10:08:00,2022-12-11,650000,0,2022,12-2022,50,25
655,655,https://www.rightmove.co.uk/properties/129781874#/?channel=RES_BUY,2022-12-11 10:08:00,2022-12-11,750000,0,2022,12-2022,50,25
656,656,https://www.rightmove.co.uk/properties/129822680#/?channel=RES_BUY,2022-12-11 10:08:00,2022-12-11,699000,0,2022,12-2022,50,25
657,657,https://www.rightmove.co.uk/properties/128899631#/?channel=RES_BUY,2022-12-11 10:08:00,2022-12-11,1100000,0,2022,12-2022,50,25
658,658,https://www.rightmove.co.uk/properties/129827177#/?channel=RES_BUY,2022-12-11 10:08:00,2022-12-11,765000,0,2022,12-2022,50,25
659,659,https://www.rightmove.co.uk/properties/129734264#/?channel=RES_BUY,2022-12-11 10:08:00,2022-12-11,790000,0,2022,12-2022,50,25
660,660,https://www.rightmove.co.uk/properties/128673512#/?channel=RES_BUY,2022-12-11 10:08:00,2022-12-11,925000,0,2022,12-2022,50,25
661,661,https://www.rightmove.co.uk/properties/129861455#/?channel=RES_BUY,2022-12-11 10:08:00,2022-12-11,1100000,0,2022,12-2022,50,25
662,662,https://www.rightmove.co.uk/properties/129880721#/?channel=RES_BUY,2022-12-11 10:08:00,2022-12-11,850000,0,2022,12-2022,50,25
663,663,https://www.rightmove.co.uk/properties/128987417#/?channel=RES_BUY,2022-12-11 10:08:00,2022-12-11,1250000,0,2022,12-2022,50,25
664,664,https://www.rightmove.co.uk/properties/129835841#/?channel=RES_BUY,2022-12-11 10:08:00,2022-12-11,840000,0,2022,12-2022,50,25
665,665,https://www.rightmove.co.uk/properties/129856067#/?channel=RES_BUY,2022-12-11 10:08:00,2022-12-11,1800000,0,2022,12-2022,50,25
666,666,https://www.rightmove.co.uk/properties/128514386#/?channel=RES_BUY,2022-12-11 10:08:00,2022-12-11,945000,0,2022,12-2022,50,25
667,667,https://www.rightmove.co.uk/properties/128178161#/?channel=RES_BUY,2022-12-11 10:08:00,2022-12-11,849950,0,2022,12-2022,50,25
668,668,https://www.rightmove.co.uk/properties/130057112#/?channel=RES_BUY,2022-12-18 10:33:00,2022-12-18,3000000,0,2022,12-2022,51,25
669,669,https://www.rightmove.co.uk/properties/126771329#/?channel=RES_BUY,2022-12-18 10:34:00,2022-12-18,525000,0,2022,12-2022,51,25
670,670,https://www.rightmove.co.uk/properties/130074644#/?channel=RES_BUY,2022-12-18 10:33:00,2022-12-18,1350000,0,2022,12-2022,51,25
671,671,https://www.rightmove.co.uk/properties/129182156#/?channel=RES_BUY,2022-12-18 10:33:00,2022-12-18,1500000,0,2022,12-2022,51,25
672,672,https://www.rightmove.co.uk/properties/127471637#/?channel=RES_BUY,2022-12-18 10:34:00,2022-12-18,950000,0,2022,12-2022,51,25
673,673,https://www.rightmove.co.uk/properties/129898637#/?channel=RES_BUY,2022-12-18 10:33:00,2022-12-18,1000000,0,2022,12-2022,51,25
674,674,https://www.rightmove.co.uk/properties/129941639#/?channel=RES_BUY,2022-12-18 10:33:00,2022-12-18,625000,0,2022,12-2022,51,25
675,675,https://www.rightmove.co.uk/properties/129975974#/?channel=RES_BUY,2022-12-18 10:33:00,2022-12-18,475000,0,2022,12-2022,51,25
676,676,https://www.rightmove.co.uk/properties/125352659#/?channel=RES_BUY,2022-12-18 10:34:00,2022-12-18,500000,0,2022,12-2022,51,25
677,677,https://www.rightmove.co.uk/properties/84993513#/?channel=RES_BUY,2022-12-18 10:34:00,2022-12-18,500000,0,2022,12-2022,51,25
678,678,https://www.rightmove.co.uk/properties/129982316#/?channel=RES_BUY,2022-12-18 10:34:00,2022-12-18,600000,0,2022,12-2022,51,25
679,679,https://www.rightmove.co.uk/properties/130069880#/?channel=RES_BUY,2022-12-18 10:33:00,2022-12-18,675000,0,2022,12-2022,51,25
680,680,https://www.rightmove.co.uk/properties/128304275#/?channel=RES_BUY,2022-12-18 10:34:00,2022-12-18,500000,0,2022,12-2022,51,25
681,681,https://www.rightmove.co.uk/properties/129317729#/?channel=RES_BUY,2022-12-18 10:34:00,2022-12-18,795000,0,2022,12-2022,51,25
682,682,https://www.rightmove.co.uk/properties/129943604#/?channel=RES_BUY,2022-12-18 10:33:00,2022-12-18,750000,0,2022,12-2022,51,25
683,683,https://www.rightmove.co.uk/properties/129986810#/?channel=RES_BUY,2022-12-18 10:33:00,2022-12-18,925000,0,2022,12-2022,51,25
684,684,https://www.rightmove.co.uk/properties/129898580#/?channel=RES_BUY,2022-12-18 10:33:00,2022-12-18,800000,0,2022,12-2022,51,25
685,685,https://www.rightmove.co.uk/properties/130078700#/?channel=RES_BUY,2022-12-18 10:33:00,2022-12-18,550000,0,2022,12-2022,51,25
686,686,https://www.rightmove.co.uk/properties/129516236#/?channel=RES_BUY,2022-12-18 10:34:00,2022-12-18,525000,0,2022,12-2022,51,25
687,687,https://www.rightmove.co.uk/properties/129901460#/?channel=RES_BUY,2022-12-18 10:33:00,2022-12-18,1000000,0,2022,12-2022,51,25
688,688,https://www.rightmove.co.uk/properties/128334140#/?channel=RES_BUY,2022-12-18 10:33:00,2022-12-18,1225000,0,2022,12-2022,51,25
689,689,https://www.rightmove.co.uk/properties/130020341#/?channel=RES_BUY,2022-12-18 10:34:00,2022-12-18,850000,0,2022,12-2022,51,25
690,690,https://www.rightmove.co.uk/properties/129539237#/?channel=RES_BUY,2022-12-18 10:34:00,2022-12-18,1260000,0,2022,12-2022,51,25
691,691,https://www.rightmove.co.uk/properties/130053272#/?channel=RES_BUY,2022-12-18 10:34:00,2022-12-18,1150000,0,2022,12-2022,51,25
692,692,https://www.rightmove.co.uk/properties/129567332#/?channel=RES_BUY,2022-12-18 10:33:00,2022-12-18,675000,0,2022,12-2022,51,25
693,693,https://www.rightmove.co.uk/properties/126707132#/?channel=RES_BUY,2022-12-18 10:33:00,2022-12-18,470000,0,2022,12-2022,51,25
694,694,https://www.rightmove.co.uk/properties/128840831#/?channel=RES_BUY,2022-12-18 10:33:00,2022-12-18,825000,0,2022,12-2022,51,25
695,695,https://www.rightmove.co.uk/properties/128634974#/?channel=RES_BUY,2022-12-18 10:34:00,2022-12-18,685000,0,2022,12-2022,51,25
696,696,https://www.rightmove.co.uk/properties/129489287#/?channel=RES_BUY,2022-12-18 10:33:00,2022-12-18,700000,0,2022,12-2022,51,25
697,697,https://www.rightmove.co.uk/properties/129958421#/?channel=RES_BUY,2022-12-18 10:33:00,2022-12-18,850000,0,2022,12-2022,51,25
698,698,https://www.rightmove.co.uk/properties/129924350#/?channel=RES_BUY,2022-12-18 10:33:00,2022-12-18,475000,0,2022,12-2022,51,25
699,699,https://www.rightmove.co.uk/properties/129983330#/?channel=RES_BUY,2022-12-18 10:33:00,2022-12-18,800000,0,2022,12-2022,51,25
700,700,https://www.rightmove.co.uk/properties/124925021#/?channel=RES_BUY,2022-12-18 10:34:00,2022-12-18,500000,0,2022,12-2022,51,25
701,701,https://www.rightmove.co.uk/properties/130023353#/?channel=RES_BUY,2022-12-18 10:33:00,2022-12-18,800000,0,2022,12-2022,51,25
702,702,https://www.rightmove.co.uk/properties/128750081#/?channel=RES_BUY,2022-12-18 10:33:00,2022-12-18,800000,0,2022,12-2022,51,25
703,703,https://www.rightmove.co.uk/properties/129976283#/?channel=RES_BUY,2022-12-18 10:33:00,2022-12-18,630000,0,2022,12-2022,51,25
704,704,https://www.rightmove.co.uk/properties/125089124#/?channel=RES_BUY,2022-12-18 10:33:00,2022-12-18,2350000,0,2022,12-2022,51,25
705,705,https://www.rightmove.co.uk/properties/130068875#/?channel=RES_BUY,2022-12-18 10:33:00,2022-12-18,450000,0,2022,12-2022,51,25
706,706,https://www.rightmove.co.uk/properties/129093017#/?channel=RES_BUY,2022-12-18 10:34:00,2022-12-18,950000,0,2022,12-2022,51,25
707,707,https://www.rightmove.co.uk/properties/129971234#/?channel=RES_BUY,2022-12-18 10:34:00,2022-12-18,1150000,0,2022,12-2022,51,25
708,708,https://www.rightmove.co.uk/properties/129998543#/?channel=RES_BUY,2022-12-18 10:34:00,2022-12-18,1250000,0,2022,12-2022,51,25
709,709,https://www.rightmove.co.uk/properties/129758423#/?channel=RES_BUY,2022-12-18 10:33:00,2022-12-18,500000,0,2022,12-2022,51,25
710,710,https://www.rightmove.co.uk/properties/130010843#/?channel=RES_BUY,2022-12-18 10:34:00,2022-12-18,1080000,0,2022,12-2022,51,25
711,711,https://www.rightmove.co.uk/properties/129088841#/?channel=RES_BUY,2022-12-18 10:33:00,2022-12-18,799950,0,2022,12-2022,51,25
712,712,https://www.rightmove.co.uk/properties/129984854#/?channel=RES_BUY,2022-12-18 10:33:00,2022-12-18,780000,0,2022,12-2022,51,25
713,713,https://www.rightmove.co.uk/properties/130044287#/?channel=RES_BUY,2022-12-18 10:34:00,2022-12-18,1300000,0,2022,12-2022,51,25
714,714,https://www.rightmove.co.uk/properties/128477450#/?channel=RES_BUY,2022-12-18 10:33:00,2022-12-18,750000,0,2022,12-2022,51,25
715,715,https://www.rightmove.co.uk/properties/125925287#/?channel=RES_BUY,2022-12-18 10:34:00,2022-12-18,675000,0,2022,12-2022,51,25
716,716,https://www.rightmove.co.uk/properties/128013731#/?channel=RES_BUY,2022-12-18 10:33:00,2022-12-18,900000,0,2022,12-2022,51,25
717,717,https://www.rightmove.co.uk/properties/130062992#/?channel=RES_BUY,2022-12-18 10:34:00,2022-12-18,750000,0,2022,12-2022,51,25
718,718,https://www.rightmove.co.uk/properties/125515076#/?channel=RES_BUY,2022-12-18 10:33:00,2022-12-18,749950,0,2022,12-2022,51,25
719,719,https://www.rightmove.co.uk/properties/129995432#/?channel=RES_BUY,2022-12-18 10:33:00,2022-12-18,900000,0,2022,12-2022,51,25
720,720,https://www.rightmove.co.uk/properties/129916472#/?channel=RES_BUY,2022-12-18 10:33:00,2022-12-18,675000,0,2022,12-2022,51,25
721,721,https://www.rightmove.co.uk/properties/129989474#/?channel=RES_BUY,2022-12-18 10:34:00,2022-12-18,520000,0,2022,12-2022,51,25
722,722,https://www.rightmove.co.uk/properties/129958289#/?channel=RES_BUY,2022-12-18 10:33:00,2022-12-18,1700000,0,2022,12-2022,51,25
723,723,https://www.rightmove.co.uk/properties/129970412#/?channel=RES_BUY,2022-12-18 10:34:00,2022-12-18,565000,0,2022,12-2022,51,25
724,724,https://www.rightmove.co.uk/properties/126610721#/?channel=RES_BUY,2022-12-18 10:33:00,2022-12-18,1175000,0,2022,12-2022,51,25
725,725,https://www.rightmove.co.uk/properties/129919556#/?channel=RES_BUY,2022-12-18 10:33:00,2022-12-18,725000,0,2022,12-2022,51,25
726,726,https://www.rightmove.co.uk/properties/129164762#/?channel=RES_BUY,2022-12-18 10:33:00,2022-12-18,799999,0,2022,12-2022,51,25
727,727,https://www.rightmove.co.uk/properties/130070435#/?channel=RES_BUY,2022-12-18 10:33:00,2022-12-18,625000,0,2022,12-2022,51,25
728,728,https://www.rightmove.co.uk/properties/129968672#/?channel=RES_BUY,2022-12-18 10:33:00,2022-12-18,875000,0,2022,12-2022,51,25
729,729,https://www.rightmove.co.uk/properties/124695443#/?channel=RES_BUY,2022-12-18 10:34:00,2022-12-18,500000,0,2022,12-2022,51,25
730,730,https://www.rightmove.co.uk/properties/129960281#/?channel=RES_BUY,2022-12-18 10:34:00,2022-12-18,800000,0,2022,12-2022,51,25
731,731,https://www.rightmove.co.uk/properties/128600426#/?channel=RES_BUY,2022-12-18 10:34:00,2022-12-18,1400000,0,2022,12-2022,51,25
732,732,https://www.rightmove.co.uk/properties/130061189#/?channel=RES_BUY,2022-12-18 10:33:00,2022-12-18,800000,0,2022,12-2022,51,25
733,733,https://www.rightmove.co.uk/properties/120500534#/?channel=RES_BUY,2022-12-18 10:34:00,2022-12-18,750000,0,2022,12-2022,51,25
734,734,https://www.rightmove.co.uk/properties/129925469#/?channel=RES_BUY,2022-12-18 10:34:00,2022-12-18,360000,0,2022,12-2022,51,25
